"Date","Price","Open","High","Low","Vol.","Change %"
"Mar 22, 2019","129.725","130.000","130.250","128.775","-","-0.13%"
"Mar 21, 2019","129.900","129.675","130.450","128.975","13.56K","0.25%"
"Mar 20, 2019","129.575","129.400","129.850","128.900","13.95K","0.35%"
"Mar 19, 2019","129.125","128.550","129.950","128.175","27.88K","0.62%"
"Mar 18, 2019","128.325","129.250","129.700","128.200","37.28K","-0.60%"
"Mar 15, 2019","129.100","127.550","129.250","127.050","32.26K","1.33%"
"Mar 14, 2019","127.400","127.000","127.875","126.950","27.69K","0.57%"
"Mar 13, 2019","126.675","126.600","127.600","126.350","41.89K","0.02%"
"Mar 12, 2019","126.650","129.175","129.400","126.325","55.42K","-1.82%"
"Mar 11, 2019","129.000","129.500","129.650","128.600","36.42K","-0.52%"
"Mar 08, 2019","129.675","128.900","129.875","128.525","35.86K","0.56%"
"Mar 07, 2019","128.950","128.800","129.225","128.700","34.57K","0.04%"
"Mar 06, 2019","128.900","128.825","129.125","128.450","19.75K","0.06%"
"Mar 05, 2019","128.825","128.275","129.075","128.100","23.16K","0.37%"
"Mar 04, 2019","128.350","129.800","129.800","128.125","39.81K","-0.93%"
"Mar 01, 2019","129.550","130.150","130.450","129.025","38.07K","-0.31%"
"Feb 28, 2019","129.950","129.575","129.950","128.450","0.41K","0.43%"
"Feb 27, 2019","129.400","129.575","129.725","129.125","1.50K","-0.14%"
"Feb 26, 2019","129.575","128.925","129.825","128.775","1.16K","0.80%"
"Feb 25, 2019","128.550","128.675","129.000","128.000","2.00K","-0.10%"
"Feb 22, 2019","128.675","127.700","128.750","127.675","1.73K","0.82%"
"Feb 21, 2019","127.625","128.450","128.600","127.325","2.80K","-0.55%"
"Feb 20, 2019","128.325","127.850","128.375","127.800","2.08K","0.35%"
"Feb 19, 2019","127.875","126.975","128.525","126.850","3.03K","0.99%"
"Feb 15, 2019","126.625","126.300","126.700","126.025","4.89K","0.40%"
"Feb 14, 2019","126.125","125.850","126.250","125.525","5.99K","0.14%"
"Feb 13, 2019","125.950","126.550","126.725","125.875","5.32K","-0.69%"
"Feb 12, 2019","126.825","127.825","127.850","126.775","7.04K","-0.78%"
"Feb 11, 2019","127.825","127.250","127.900","127.025","4.26K","0.35%"
"Feb 08, 2019","127.375","126.525","127.475","126.400","2.97K","0.85%"
"Feb 07, 2019","126.300","126.000","126.775","125.900","3.77K","-0.08%"
"Feb 06, 2019","126.400","126.400","126.675","126.025","5.52K","-0.24%"
"Feb 05, 2019","126.700","125.850","126.850","125.850","4.25K","0.78%"
"Feb 04, 2019","125.725","125.850","126.650","125.500","8.86K","0.22%"
"Feb 01, 2019","125.450","125.000","125.725","124.850","11.00K","0.52%"
"Jan 31, 2019","124.800","126.150","127.125","124.725","16.34K","-1.07%"
"Jan 30, 2019","126.150","126.600","126.625","126.050","11.05K","-0.26%"
"Jan 29, 2019","126.475","126.525","126.725","126.100","10.67K","0.06%"
"Jan 28, 2019","126.400","125.925","126.600","125.575","10.09K","0.28%"
"Jan 25, 2019","126.050","125.225","126.350","125.000","14.49K","0.56%"
"Jan 24, 2019","125.350","125.550","125.625","124.925","10.62K","-0.16%"
"Jan 23, 2019","125.550","125.125","125.625","124.700","10.51K","0.34%"
"Jan 22, 2019","125.125","125.900","126.025","124.850","17.04K","-1.11%"
"Jan 18, 2019","126.525","127.025","127.175","126.225","19.65K","-0.45%"
"Jan 17, 2019","127.100","127.675","127.700","126.250","16.49K","-0.57%"
"Jan 16, 2019","127.825","127.175","127.950","126.725","27.66K","0.69%"
"Jan 15, 2019","126.950","125.400","127.100","125.250","37.37K","1.22%"
"Jan 14, 2019","125.425","125.000","125.625","124.775","31.62K","0.36%"
"Jan 11, 2019","124.975","125.025","125.650","124.725","43.19K","0.08%"
"Jan 10, 2019","124.875","124.650","125.150","124.575","41.64K","0.06%"
"Jan 09, 2019","124.800","125.100","125.400","124.725","40.13K","-0.40%"
"Jan 08, 2019","125.300","123.200","125.475","122.875","59.41K","1.70%"
"Jan 07, 2019","123.200","121.800","123.400","121.425","32.80K","1.05%"
"Jan 04, 2019","121.925","123.300","123.300","121.750","28.17K","-1.05%"
"Jan 03, 2019","123.225","123.650","123.875","122.350","29.04K","-0.24%"
"Jan 02, 2019","123.525","124.100","124.200","123.375","29.28K","-1.02%"
"Dec 31, 2018","124.800","124.500","125.575","124.500","0.32K","0.58%"
"Dec 28, 2018","124.075","123.475","124.500","123.475","0.82K","0.94%"
"Dec 27, 2018","122.925","121.775","123.900","121.725","1.47K","1.30%"
"Dec 26, 2018","121.350","121.425","121.850","120.800","0.96K","0.39%"
"Dec 24, 2018","120.875","120.575","121.250","120.500","0.74K","0.00%"
"Dec 21, 2018","120.875","120.450","121.050","120.350","1.68K","0.54%"
"Dec 20, 2018","120.225","119.750","120.425","119.225","2.21K","0.42%"
"Dec 19, 2018","119.725","119.475","120.050","119.425","1.47K","-0.04%"
"Dec 18, 2018","119.775","119.025","120.100","118.725","2.08K","0.63%"
"Dec 17, 2018","119.025","119.200","119.300","118.600","2.25K","-0.46%"
"Dec 14, 2018","119.575","119.125","119.850","119.100","3.73K","0.10%"
"Dec 13, 2018","119.450","119.150","119.550","119.000","2.24K","0.27%"
"Dec 12, 2018","119.125","118.375","119.300","118.150","2.82K","0.63%"
"Dec 11, 2018","118.375","117.425","118.775","117.075","2.80K","0.68%"
"Dec 10, 2018","117.575","118.000","118.050","117.400","8.09K","-0.28%"
"Dec 07, 2018","117.900","117.950","118.275","117.350","10.27K","-0.04%"
"Dec 06, 2018","117.950","118.050","118.450","117.550","7.26K","-0.30%"
"Dec 05, 2018","118.300","117.925","118.475","117.550","8.98K","0.45%"
"Dec 04, 2018","117.775","116.950","117.950","116.750","9.53K","0.77%"
"Dec 03, 2018","116.875","117.675","117.750","116.750","8.62K","-0.04%"
"Nov 30, 2018","116.925","116.525","117.450","116.325","8.46K","0.28%"
"Nov 29, 2018","116.600","117.025","117.025","115.525","12.57K","-0.15%"
"Nov 28, 2018","116.775","116.700","117.175","116.625","7.17K","0.06%"
"Nov 27, 2018","116.700","116.975","117.200","116.475","8.08K","-0.19%"
"Nov 26, 2018","116.925","117.325","117.425","116.450","9.50K","-0.15%"
"Nov 23, 2018","117.100","116.975","117.350","116.350","8.28K","0.60%"
"Nov 21, 2018","116.400","116.075","117.075","115.750","19.13K","0.61%"
"Nov 20, 2018","115.700","116.275","116.325","115.375","13.01K","-0.39%"
"Nov 19, 2018","116.150","115.550","116.225","115.475","15.23K","0.69%"
"Nov 16, 2018","115.350","114.900","115.575","114.525","20.03K","0.17%"
"Nov 15, 2018","115.150","114.500","115.450","114.150","19.47K","0.48%"
"Nov 14, 2018","114.600","115.325","115.800","114.350","20.90K","-0.67%"
"Nov 13, 2018","115.375","114.850","115.500","113.550","38.90K","0.39%"
"Nov 12, 2018","114.925","114.250","115.400","114.125","35.03K","0.31%"
"Nov 09, 2018","114.575","116.425","116.425","113.800","54.69K","-1.69%"
"Nov 08, 2018","116.550","115.625","117.225","115.350","42.72K","0.39%"
"Nov 07, 2018","116.100","115.625","116.175","114.700","43.38K","0.58%"
"Nov 06, 2018","115.425","115.225","115.900","115.050","26.82K","0.09%"
"Nov 05, 2018","115.325","117.275","117.275","114.350","43.26K","-1.49%"
"Nov 02, 2018","117.075","117.525","117.850","116.800","25.56K","-0.04%"
"Nov 01, 2018","117.125","117.075","117.475","116.575","25.95K","1.10%"
"Oct 31, 2018","115.850","114.550","116.000","113.700","0.40K","1.71%"
"Oct 30, 2018","113.900","114.500","114.500","113.550","0.46K","-0.35%"
"Oct 29, 2018","114.300","114.300","114.675","114.125","0.90K","0.37%"
"Oct 26, 2018","113.875","113.425","115.000","113.350","2.13K","0.46%"
"Oct 25, 2018","113.350","113.675","113.950","113.250","2.03K","0.07%"
"Oct 24, 2018","113.275","113.100","113.775","112.700","3.88K","0.44%"
"Oct 23, 2018","112.775","112.850","112.975","111.900","2.16K","-0.02%"
"Oct 22, 2018","112.800","112.850","113.050","112.300","3.83K","0.49%"
"Oct 19, 2018","112.250","113.250","113.300","112.100","7.95K","-0.73%"
"Oct 18, 2018","113.075","113.050","113.475","111.975","6.83K","0.13%"
"Oct 17, 2018","112.925","112.850","113.150","112.500","2.89K","0.24%"
"Oct 16, 2018","112.650","113.275","113.400","112.450","8.34K","-0.64%"
"Oct 15, 2018","113.375","112.175","113.675","112.050","14.07K","0.93%"
"Oct 12, 2018","112.325","112.775","113.075","112.200","5.47K","-0.27%"
"Oct 11, 2018","112.625","112.375","112.850","112.175","4.31K","0.49%"
"Oct 10, 2018","112.075","112.850","112.900","112.050","20.84K","-1.12%"
"Oct 09, 2018","113.350","113.975","114.475","113.200","3.71K","-0.72%"
"Oct 08, 2018","114.175","113.700","114.450","112.950","6.96K","0.33%"
"Oct 05, 2018","113.800","113.550","114.150","113.350","11.15K","0.15%"
"Oct 04, 2018","113.625","113.150","113.750","112.750","9.25K","0.38%"
"Oct 03, 2018","113.200","113.950","114.025","113.125","9.26K","-0.68%"
"Oct 02, 2018","113.975","113.700","114.100","112.950","10.29K","0.26%"
"Oct 01, 2018","113.675","113.700","114.350","113.275","9.70K","0.20%"
"Sep 28, 2018","113.450","113.150","113.675","112.925","9.49K","0.20%"
"Sep 27, 2018","113.225","113.825","113.825","112.850","12.52K","-0.57%"
"Sep 26, 2018","113.875","112.100","113.950","112.075","12.58K","1.36%"
"Sep 25, 2018","112.350","112.150","112.525","111.900","6.29K","0.16%"
"Sep 24, 2018","112.175","112.650","113.200","111.875","12.94K","-0.80%"
"Sep 21, 2018","113.075","112.700","113.200","112.100","10.16K","0.56%"
"Sep 20, 2018","112.450","113.500","113.575","112.375","17.68K","-0.57%"
"Sep 19, 2018","113.100","113.025","113.425","112.800","14.10K","-0.11%"
"Sep 18, 2018","113.225","113.250","113.575","113.025","18.54K","-0.18%"
"Sep 17, 2018","113.425","113.800","113.975","113.025","39.65K","-0.33%"
"Sep 14, 2018","113.800","111.100","113.800","110.950","47.52K","2.71%"
"Sep 13, 2018","110.800","111.500","111.600","109.175","37.00K","-0.61%"
"Sep 12, 2018","111.475","109.300","111.600","109.175","52.54K","1.99%"
"Sep 11, 2018","109.300","110.075","110.175","109.125","37.81K","-0.77%"
"Sep 10, 2018","110.150","110.350","110.775","109.975","31.25K","0.18%"
"Sep 07, 2018","109.950","108.750","110.100","108.575","29.58K","0.96%"
"Sep 06, 2018","108.900","109.250","109.425","108.625","23.77K","-0.14%"
"Sep 05, 2018","109.050","110.000","110.100","108.700","28.53K","-0.75%"
"Sep 04, 2018","109.875","108.675","110.575","108.175","35.62K","2.04%"
"Aug 31, 2018","107.675","107.175","110.675","102.700","516.53K","-1.94%"
"Aug 30, 2018","109.800","109.000","110.400","109.000","0.74K","0.57%"
"Aug 29, 2018","109.175","107.800","109.200","107.375","1.01K","1.28%"
"Aug 28, 2018","107.800","108.425","108.425","106.700","0.68K","-0.37%"
"Aug 27, 2018","108.200","106.075","108.450","105.700","0.96K","1.84%"
"Aug 24, 2018","106.250","107.625","108.025","105.975","1.77K","-1.57%"
"Aug 23, 2018","107.950","108.025","108.200","107.475","1.33K","-0.25%"
"Aug 22, 2018","108.225","109.000","109.000","107.675","3.06K","-0.96%"
"Aug 21, 2018","109.275","109.175","109.650","108.800","1.77K","0.18%"
"Aug 20, 2018","109.075","109.500","109.575","108.750","1.46K","-0.32%"
"Aug 17, 2018","109.425","108.375","109.750","107.975","2.28K","1.02%"
"Aug 16, 2018","108.325","108.525","109.000","108.100","1.52K","0.00%"
"Aug 15, 2018","108.325","107.800","109.075","107.750","1.74K","0.32%"
"Aug 14, 2018","107.975","107.200","108.075","107.075","1.73K","0.72%"
"Aug 13, 2018","107.200","107.750","108.125","107.050","2.68K","-0.97%"
"Aug 10, 2018","108.250","108.200","108.725","107.150","2.48K","0.00%"
"Aug 09, 2018","108.250","109.775","109.775","107.975","4.35K","-1.43%"
"Aug 08, 2018","109.825","110.000","110.050","109.400","2.55K","-0.23%"
"Aug 07, 2018","110.075","110.600","110.750","109.275","3.97K","-0.29%"
"Aug 06, 2018","110.400","111.100","111.100","110.250","8.49K","-0.25%"
"Aug 03, 2018","110.675","108.525","110.950","108.275","9.34K","1.91%"
"Aug 02, 2018","108.600","109.000","109.075","107.975","6.85K","-0.02%"
"Aug 01, 2018","108.625","107.675","109.200","107.500","12.96K","0.88%"
"Jul 31, 2018","107.675","108.250","108.500","107.550","10.94K","-0.69%"
"Jul 30, 2018","108.425","108.725","109.400","107.900","9.69K","-0.18%"
"Jul 27, 2018","108.625","108.100","109.150","107.450","9.35K","0.63%"
"Jul 26, 2018","107.950","109.775","110.675","106.800","19.90K","-0.99%"
"Jul 25, 2018","109.025","108.250","109.675","107.750","11.86K","0.90%"
"Jul 24, 2018","108.050","108.850","108.900","107.700","12.41K","-0.62%"
"Jul 23, 2018","108.725","109.350","109.400","108.450","14.63K","-0.18%"
"Jul 20, 2018","108.925","108.925","109.350","108.275","15.82K","0.02%"
"Jul 19, 2018","108.900","109.050","109.300","108.550","15.51K","-0.05%"
"Jul 18, 2018","108.950","106.675","109.150","106.350","26.47K","2.37%"
"Jul 17, 2018","106.425","107.475","107.600","106.125","20.37K","-0.47%"
"Jul 16, 2018","106.925","105.250","107.550","104.800","36.11K","2.27%"
"Jul 13, 2018","104.550","105.250","105.300","103.950","33.58K","-0.45%"
"Jul 12, 2018","105.025","104.175","106.075","104.175","38.36K","1.13%"
"Jul 11, 2018","103.850","105.450","105.500","102.700","47.94K","-1.52%"
"Jul 10, 2018","105.450","106.350","106.650","105.100","37.39K","-0.64%"
"Jul 09, 2018","106.125","106.850","107.325","105.775","31.56K","-0.24%"
"Jul 06, 2018","106.375","106.775","108.225","106.250","36.72K","0.00%"
"Jul 05, 2018","106.375","107.375","107.575","106.300","25.24K","-0.07%"
"Jul 03, 2018","106.450","107.400","107.475","106.200","23.64K","-0.42%"
"Jul 02, 2018","106.900","107.175","108.450","106.475","39.05K","-0.09%"
"Jun 29, 2018","107.000","108.100","109.900","107.000","0.37K","-1.11%"
"Jun 28, 2018","108.200","106.850","108.350","106.725","1.11K","1.10%"
"Jun 27, 2018","107.025","105.950","107.175","105.950","1.32K","1.04%"
"Jun 26, 2018","105.925","106.050","106.575","105.750","1.02K","-0.05%"
"Jun 25, 2018","105.975","107.500","107.675","105.900","1.43K","-2.12%"
"Jun 22, 2018","108.275","108.575","108.700","107.900","2.44K","-0.35%"
"Jun 21, 2018","108.650","109.000","109.150","108.250","1.82K","-0.34%"
"Jun 20, 2018","109.025","108.525","109.600","108.150","1.46K","0.46%"
"Jun 19, 2018","108.525","108.000","109.150","106.725","2.08K","0.21%"
"Jun 18, 2018","108.300","108.600","108.775","107.550","1.07K","-0.14%"
"Jun 15, 2018","108.450","105.750","109.150","105.150","3.28K","2.07%"
"Jun 14, 2018","106.250","107.925","108.100","105.700","3.23K","-1.55%"
"Jun 13, 2018","107.925","108.550","108.700","107.750","1.36K","-0.55%"
"Jun 12, 2018","108.525","108.700","109.000","108.050","1.55K","-0.12%"
"Jun 11, 2018","108.650","110.625","110.675","108.100","2.63K","-1.25%"
"Jun 08, 2018","110.025","108.700","110.450","108.675","3.18K","1.52%"
"Jun 07, 2018","108.375","109.000","109.200","108.100","3.49K","0.07%"
"Jun 06, 2018","108.300","107.375","109.350","107.375","6.39K","1.03%"
"Jun 05, 2018","107.200","105.200","107.500","105.075","7.10K","2.36%"
"Jun 04, 2018","104.725","105.000","105.875","104.600","6.93K","-0.17%"
"Jun 01, 2018","104.900","105.250","105.775","104.550","10.80K","-0.14%"
"May 31, 2018","105.050","106.325","106.650","103.325","14.44K","-1.01%"
"May 30, 2018","106.125","103.050","106.125","102.850","15.22K","2.91%"
"May 29, 2018","103.125","104.650","104.700","102.850","12.47K","-1.46%"
"May 25, 2018","104.650","104.400","104.950","103.725","9.30K","0.24%"
"May 24, 2018","104.400","105.625","105.725","104.250","8.95K","-1.00%"
"May 23, 2018","105.450","104.500","105.950","104.475","13.41K","0.52%"
"May 22, 2018","104.900","105.000","105.225","104.125","7.77K","-0.02%"
"May 21, 2018","104.925","103.400","105.400","103.325","14.91K","2.47%"
"May 18, 2018","102.400","103.300","103.800","102.275","13.15K","-0.63%"
"May 17, 2018","103.050","102.000","103.575","101.375","24.19K","1.20%"
"May 16, 2018","101.825","102.500","103.750","101.650","26.85K","-1.12%"
"May 15, 2018","102.975","104.525","104.575","102.225","36.78K","-1.58%"
"May 14, 2018","104.625","106.850","106.850","104.625","35.18K","-2.79%"
"May 11, 2018","107.625","107.850","108.050","106.150","46.68K","0.09%"
"May 10, 2018","107.525","105.475","108.100","104.975","50.27K","1.75%"
"May 09, 2018","105.675","106.625","107.100","105.350","46.86K","-0.59%"
"May 08, 2018","106.300","105.450","106.925","104.600","40.43K","1.07%"
"May 07, 2018","105.175","106.050","106.275","104.850","30.13K","-0.83%"
"May 04, 2018","106.050","107.000","107.100","105.825","24.13K","-0.45%"
"May 03, 2018","106.525","105.000","107.575","104.500","39.29K","1.60%"
"May 02, 2018","104.850","106.200","106.825","104.350","34.19K","-0.92%"
"May 01, 2018","105.825","106.300","106.400","103.825","42.07K","-14.48%"
"Apr 30, 2018","123.750","124.675","125.150","123.750","0.25K","-0.56%"
"Apr 27, 2018","124.450","122.550","124.725","122.500","1.61K","1.57%"
"Apr 26, 2018","122.525","121.975","122.625","121.975","1.59K","0.49%"
"Apr 25, 2018","121.925","121.300","122.050","121.300","1.71K","0.68%"
"Apr 24, 2018","121.100","121.500","122.200","121.000","2.46K","-0.51%"
"Apr 23, 2018","121.725","119.825","121.800","119.625","2.26K","1.99%"
"Apr 20, 2018","119.350","118.200","119.425","117.150","2.25K","1.32%"
"Apr 19, 2018","117.800","119.050","119.500","117.600","4.92K","-0.99%"
"Apr 18, 2018","118.975","118.575","119.075","118.475","2.26K","0.78%"
"Apr 17, 2018","118.050","117.375","118.700","117.375","2.05K","0.77%"
"Apr 16, 2018","117.150","117.725","118.400","117.100","2.54K","0.51%"
"Apr 13, 2018","116.550","116.250","117.075","115.850","2.52K","0.69%"
"Apr 12, 2018","115.750","113.850","116.175","113.850","3.20K","1.98%"
"Apr 11, 2018","113.500","113.250","114.000","113.075","2.68K","0.62%"
"Apr 10, 2018","112.800","112.650","113.675","112.150","2.63K","0.69%"
"Apr 09, 2018","112.025","112.975","113.975","111.975","4.63K","-0.18%"
"Apr 06, 2018","112.225","114.000","114.150","111.950","8.58K","-1.82%"
"Apr 05, 2018","114.300","113.700","114.450","113.300","9.46K","1.13%"
"Apr 04, 2018","113.025","111.600","113.900","110.100","12.13K","0.94%"
"Apr 03, 2018","111.975","112.650","113.350","111.775","9.61K","-0.38%"
"Apr 02, 2018","112.400","113.775","114.800","112.200","8.97K","-1.19%"
"Mar 29, 2018","113.750","116.200","116.975","113.150","10.93K","-1.94%"
"Mar 28, 2018","116.000","115.450","116.425","114.825","8.79K","0.50%"
"Mar 27, 2018","115.425","115.400","116.575","115.000","9.25K","0.22%"
"Mar 26, 2018","115.175","116.225","117.200","114.800","9.45K","-0.75%"
"Mar 23, 2018","116.050","118.425","118.425","115.750","13.26K","-1.78%"
"Mar 22, 2018","118.150","117.950","118.425","117.450","13.62K","0.38%"
"Mar 21, 2018","117.700","119.600","119.750","117.150","23.69K","-1.57%"
"Mar 20, 2018","119.575","120.500","120.825","119.325","20.73K","-0.54%"
"Mar 19, 2018","120.225","121.750","121.800","120.125","21.52K","-0.85%"
"Mar 16, 2018","121.250","121.925","122.150","120.875","21.81K","-0.49%"
"Mar 15, 2018","121.850","123.075","123.825","121.125","29.17K","-0.93%"
"Mar 14, 2018","123.000","123.000","124.300","122.775","34.27K","0.90%"
"Mar 13, 2018","121.900","121.750","122.575","120.750","37.72K","0.29%"
"Mar 12, 2018","121.550","123.300","123.475","121.275","37.16K","-1.28%"
"Mar 09, 2018","123.125","122.125","123.525","121.125","43.31K","1.11%"
"Mar 08, 2018","121.775","123.225","123.300","120.900","45.59K","-0.98%"
"Mar 07, 2018","122.975","123.000","123.675","122.600","29.37K","0.12%"
"Mar 06, 2018","122.825","123.325","124.825","122.450","33.90K","-0.32%"
"Mar 05, 2018","123.225","122.350","123.675","122.100","26.79K","0.86%"
"Mar 02, 2018","122.175","123.350","123.800","121.900","31.14K","-0.93%"
"Mar 01, 2018","123.325","123.650","123.900","122.325","33.81K","-3.27%"
"Feb 28, 2018","127.500","128.350","129.775","127.500","0.83K","-0.41%"
"Feb 27, 2018","128.025","127.600","128.700","127.525","1.37K","0.49%"
"Feb 26, 2018","127.400","127.775","127.925","126.650","1.76K","-0.47%"
"Feb 23, 2018","128.000","128.450","128.575","127.325","1.50K","-0.27%"
"Feb 22, 2018","128.350","129.000","129.150","128.075","1.67K","-1.00%"
"Feb 21, 2018","129.650","130.300","130.300","127.300","6.37K","-0.50%"
"Feb 20, 2018","130.300","130.525","130.525","129.775","2.63K","0.15%"
"Feb 16, 2018","130.100","129.225","130.325","128.725","4.44K","0.64%"
"Feb 15, 2018","129.275","127.875","129.425","127.525","2.65K","1.27%"
"Feb 14, 2018","127.650","127.100","128.000","127.050","2.08K","0.65%"
"Feb 13, 2018","126.825","127.350","127.925","126.725","1.86K","-0.24%"
"Feb 12, 2018","127.125","126.525","127.250","126.125","3.03K","0.47%"
"Feb 09, 2018","126.525","125.725","127.000","125.425","4.30K","0.60%"
"Feb 08, 2018","125.775","125.775","127.325","125.425","2.55K","0.14%"
"Feb 07, 2018","125.600","125.850","126.575","125.550","2.74K","-0.02%"
"Feb 06, 2018","125.625","125.375","126.425","125.125","2.91K","-0.40%"
"Feb 05, 2018","126.125","126.300","127.900","125.900","6.10K","-0.57%"
"Feb 02, 2018","126.850","126.425","127.550","125.750","6.66K","0.34%"
"Feb 01, 2018","126.425","124.600","126.825","124.250","12.16K","2.08%"
"Jan 31, 2018","123.850","124.825","124.950","123.675","9.38K","-0.78%"
"Jan 30, 2018","124.825","125.400","125.625","123.550","12.26K","-0.70%"
"Jan 29, 2018","125.700","126.025","126.750","125.450","11.15K","0.88%"
"Jan 26, 2018","124.600","122.425","125.000","122.225","10.58K","1.74%"
"Jan 25, 2018","122.475","125.525","126.025","122.425","16.35K","-2.35%"
"Jan 24, 2018","125.425","125.000","125.675","124.800","11.80K","0.56%"
"Jan 23, 2018","124.725","123.750","124.950","123.350","11.87K","0.95%"
"Jan 22, 2018","123.550","122.850","123.850","122.800","12.46K","1.35%"
"Jan 19, 2018","121.900","122.050","122.675","120.875","16.92K","-0.04%"
"Jan 18, 2018","121.950","121.325","122.100","121.025","15.52K","0.81%"
"Jan 17, 2018","120.975","117.825","121.100","117.700","32.59K","2.43%"
"Jan 16, 2018","118.100","117.450","118.400","117.375","22.44K","0.62%"
"Jan 12, 2018","117.375","117.100","117.500","116.550","31.77K","0.26%"
"Jan 11, 2018","117.075","116.500","117.350","116.250","32.30K","0.17%"
"Jan 10, 2018","116.875","117.850","118.525","116.550","37.04K","-0.68%"
"Jan 09, 2018","117.675","117.250","118.000","116.700","36.80K","0.38%"
"Jan 08, 2018","117.225","119.000","119.000","116.775","47.85K","-1.70%"
"Jan 05, 2018","119.250","121.850","121.925","119.250","35.64K","-2.45%"
"Jan 04, 2018","122.250","123.075","123.625","122.100","28.57K","-0.57%"
"Jan 03, 2018","122.950","123.325","123.350","122.350","26.01K","-0.32%"
"Jan 02, 2018","123.350","122.250","123.500","122.200","25.62K","0.28%"
"Dec 29, 2017","123.000","125.100","125.875","123.000","-","-1.24%"
"Dec 28, 2017","124.550","122.150","125.175","122.050","0.76K","2.07%"
"Dec 27, 2017","122.025","121.750","122.875","121.750","0.73K","0.43%"
"Dec 26, 2017","121.500","120.075","121.750","119.800","0.84K","1.40%"
"Dec 22, 2017","119.825","119.800","120.200","119.000","0.90K","0.17%"
"Dec 21, 2017","119.625","119.600","119.875","118.750","1.39K","0.19%"
"Dec 20, 2017","119.400","120.000","120.700","118.200","2.78K","-0.50%"
"Dec 19, 2017","120.000","120.150","120.700","119.450","1.08K","0.02%"
"Dec 18, 2017","119.975","119.525","120.150","119.300","1.73K","0.90%"
"Dec 15, 2017","118.900","116.750","119.250","116.500","3.58K","2.26%"
"Dec 14, 2017","116.275","115.800","116.925","115.725","1.72K","0.54%"
"Dec 13, 2017","115.650","116.425","116.875","115.500","2.27K","-0.43%"
"Dec 12, 2017","116.150","115.225","117.300","115.200","1.94K","0.85%"
"Dec 11, 2017","115.175","115.450","116.150","115.075","2.80K","-0.35%"
"Dec 08, 2017","115.575","115.850","116.225","115.325","2.02K","-0.04%"
"Dec 07, 2017","115.625","115.925","116.375","115.475","4.08K","-0.24%"
"Dec 06, 2017","115.900","116.625","116.775","115.450","5.62K","-0.45%"
"Dec 05, 2017","116.425","116.725","117.675","115.625","4.27K","0.04%"
"Dec 04, 2017","116.375","117.000","117.525","116.225","6.49K","-0.73%"
"Dec 01, 2017","117.225","120.000","120.000","117.025","13.40K","-2.23%"
"Nov 30, 2017","119.900","120.350","120.775","117.850","15.52K","-0.48%"
"Nov 29, 2017","120.475","119.650","120.550","119.575","10.65K","0.69%"
"Nov 28, 2017","119.650","119.625","119.950","118.750","9.31K","-0.15%"
"Nov 27, 2017","119.825","118.675","120.100","118.375","9.56K","1.05%"
"Nov 24, 2017","118.575","118.950","119.175","118.450","6.47K","-0.40%"
"Nov 22, 2017","119.050","119.200","119.825","118.825","12.04K","0.91%"
"Nov 21, 2017","117.975","117.400","118.575","117.125","15.75K","0.75%"
"Nov 20, 2017","117.100","118.500","118.800","116.775","13.84K","-1.47%"
"Nov 17, 2017","118.850","119.625","119.800","118.550","10.35K","-0.59%"
"Nov 16, 2017","119.550","120.250","120.575","119.250","11.62K","-0.54%"
"Nov 15, 2017","120.200","119.500","120.775","119.025","21.97K","0.59%"
"Nov 14, 2017","119.500","120.450","120.925","118.775","23.06K","-0.89%"
"Nov 13, 2017","120.575","120.000","121.725","119.450","31.18K","0.00%"
"Nov 10, 2017","120.575","122.175","122.350","120.025","44.62K","-1.55%"
"Nov 09, 2017","122.475","122.475","122.875","122.000","41.41K","-0.37%"
"Nov 08, 2017","122.925","124.550","124.575","122.150","45.61K","-1.36%"
"Nov 07, 2017","124.625","125.250","125.600","123.500","35.38K","-0.56%"
"Nov 06, 2017","125.325","127.250","127.675","124.825","33.69K","-1.55%"
"Nov 03, 2017","127.300","126.900","127.325","126.000","35.86K","2.39%"
"Nov 02, 2017","124.325","126.325","127.875","123.900","39.01K","-1.80%"
"Nov 01, 2017","126.600","125.675","126.875","125.500","27.49K","5.06%"
"Oct 31, 2017","120.500","119.800","121.000","118.525","0.20K","0.77%"
"Oct 30, 2017","119.575","119.000","120.350","119.000","0.85K","3.64%"
"Oct 27, 2017","115.375","114.450","115.500","114.025","1.13K","1.07%"
"Oct 26, 2017","114.150","113.275","114.500","113.050","1.33K","1.00%"
"Oct 25, 2017","113.025","113.750","114.300","112.800","1.98K","-0.53%"
"Oct 24, 2017","113.625","111.625","113.750","111.625","2.17K","1.88%"
"Oct 23, 2017","111.525","110.750","112.250","110.675","4.16K","-0.13%"
"Oct 20, 2017","111.675","111.600","112.200","111.250","3.28K","0.43%"
"Oct 19, 2017","111.200","111.475","112.350","110.600","2.86K","-0.25%"
"Oct 18, 2017","111.475","110.975","112.075","109.625","4.83K","0.27%"
"Oct 17, 2017","111.175","112.050","112.725","111.100","3.64K","-0.49%"
"Oct 16, 2017","111.725","112.775","112.850","111.575","6.52K","-0.97%"
"Oct 13, 2017","112.825","112.875","112.925","112.000","3.44K","0.42%"
"Oct 12, 2017","112.350","113.500","114.000","111.775","6.85K","-1.25%"
"Oct 11, 2017","113.775","113.275","114.075","113.025","4.70K","0.07%"
"Oct 10, 2017","113.700","111.750","114.050","111.750","5.39K","2.04%"
"Oct 09, 2017","111.425","111.425","111.775","111.000","11.79K","0.36%"
"Oct 06, 2017","111.025","109.975","111.150","109.800","9.63K","0.79%"
"Oct 05, 2017","110.150","109.150","110.250","108.925","8.30K","0.99%"
"Oct 04, 2017","109.075","109.225","110.325","109.050","9.17K","-0.02%"
"Oct 03, 2017","109.100","107.725","109.475","107.400","8.90K","1.18%"
"Oct 02, 2017","107.825","109.100","109.750","107.750","7.83K","-1.17%"
"Sep 29, 2017","109.100","109.500","109.875","108.825","12.08K","0.11%"
"Sep 28, 2017","108.975","108.550","109.150","108.175","6.97K","0.37%"
"Sep 27, 2017","108.575","108.575","109.250","108.025","13.99K","0.28%"
"Sep 26, 2017","108.275","108.900","109.150","108.075","12.18K","-0.87%"
"Sep 25, 2017","109.225","109.975","110.000","108.650","12.09K","-2.11%"
"Sep 22, 2017","111.575","110.025","111.825","109.700","14.25K","1.34%"
"Sep 21, 2017","110.100","111.000","111.175","109.675","16.55K","-0.77%"
"Sep 20, 2017","110.950","108.050","110.975","107.775","29.88K","2.76%"
"Sep 19, 2017","107.975","107.750","108.275","107.300","15.65K","0.37%"
"Sep 18, 2017","107.575","107.925","108.600","107.525","23.24K","-0.16%"
"Sep 15, 2017","107.750","107.300","108.000","106.525","25.64K","0.77%"
"Sep 14, 2017","106.925","107.975","108.900","106.625","39.70K","-0.58%"
"Sep 13, 2017","107.550","106.400","107.825","105.400","34.33K","1.20%"
"Sep 12, 2017","106.275","107.250","107.775","106.000","33.02K","-0.86%"
"Sep 11, 2017","107.200","107.500","107.950","106.825","33.03K","-0.12%"
"Sep 08, 2017","107.325","106.375","108.550","105.825","38.23K","1.04%"
"Sep 07, 2017","106.225","105.300","107.675","105.050","32.44K","1.46%"
"Sep 06, 2017","104.700","104.700","105.450","104.500","22.61K","0.26%"
"Sep 05, 2017","104.425","105.075","106.450","104.300","26.17K","-0.69%"
"Sep 01, 2017","105.150","105.525","105.825","104.725","23.34K","0.60%"
"Aug 31, 2017","104.525","105.750","106.300","104.050","0.16K","-0.97%"
"Aug 30, 2017","105.550","105.050","106.100","105.025","0.85K","0.29%"
"Aug 29, 2017","105.250","106.200","106.350","104.975","0.77K","-0.89%"
"Aug 28, 2017","106.200","106.500","107.400","105.750","1.26K","0.24%"
"Aug 25, 2017","105.950","106.450","106.925","105.825","0.89K","0.00%"
"Aug 24, 2017","105.950","105.650","106.500","104.500","1.99K","0.28%"
"Aug 23, 2017","105.650","107.000","107.000","105.350","1.44K","-1.01%"
"Aug 22, 2017","106.725","105.875","107.275","105.750","1.62K","0.68%"
"Aug 21, 2017","106.000","106.150","106.475","105.600","1.76K","-0.35%"
"Aug 18, 2017","106.375","106.975","107.450","105.750","1.43K","-0.70%"
"Aug 17, 2017","107.125","109.200","109.275","106.975","3.35K","-2.15%"
"Aug 16, 2017","109.475","110.275","110.550","108.950","2.82K","-0.52%"
"Aug 15, 2017","110.050","108.925","110.325","107.925","3.53K","0.92%"
"Aug 14, 2017","109.050","109.650","110.275","108.050","2.78K","-0.62%"
"Aug 11, 2017","109.725","108.925","110.375","108.925","2.59K","0.80%"
"Aug 10, 2017","108.850","110.000","110.450","108.600","3.16K","-1.05%"
"Aug 09, 2017","110.000","112.300","112.450","109.875","6.55K","-2.20%"
"Aug 08, 2017","112.475","112.975","113.400","112.150","4.96K","-0.24%"
"Aug 07, 2017","112.750","115.275","115.300","112.575","7.68K","-2.34%"
"Aug 04, 2017","115.450","115.325","115.600","114.750","9.55K","0.20%"
"Aug 03, 2017","115.225","114.900","115.625","114.650","11.61K","0.61%"
"Aug 02, 2017","114.525","112.825","114.900","112.075","13.04K","1.53%"
"Aug 01, 2017","112.800","112.300","113.150","111.900","7.30K","0.71%"
"Jul 31, 2017","112.000","112.900","113.325","111.775","14.23K","-0.80%"
"Jul 28, 2017","112.900","114.300","114.350","112.275","11.56K","-1.22%"
"Jul 27, 2017","114.300","114.650","115.650","113.525","13.10K","0.00%"
"Jul 26, 2017","114.300","113.950","114.900","113.000","13.84K","0.99%"
"Jul 25, 2017","113.175","114.475","115.050","113.000","16.73K","-0.61%"
"Jul 24, 2017","113.875","114.500","114.875","113.450","19.30K","-2.19%"
"Jul 21, 2017","116.425","116.350","117.375","115.800","19.32K","0.47%"
"Jul 20, 2017","115.875","117.475","118.200","115.700","19.11K","-1.19%"
"Jul 19, 2017","117.275","114.550","117.875","114.300","32.02K","1.91%"
"Jul 18, 2017","115.075","117.200","117.200","114.775","27.01K","-1.60%"
"Jul 17, 2017","116.950","117.750","117.875","116.725","30.57K","-0.72%"
"Jul 14, 2017","117.800","117.775","118.675","117.050","40.91K","0.32%"
"Jul 13, 2017","117.425","118.250","118.500","117.100","50.67K","-0.38%"
"Jul 12, 2017","117.875","115.525","117.875","114.475","49.91K","2.61%"
"Jul 11, 2017","114.875","113.850","115.425","113.400","37.58K","0.92%"
"Jul 10, 2017","113.825","114.725","114.725","113.650","32.38K","-0.83%"
"Jul 07, 2017","114.775","115.250","115.850","114.350","27.04K","-0.15%"
"Jul 06, 2017","114.950","113.600","115.625","112.425","35.82K","1.23%"
"Jul 05, 2017","113.550","116.275","116.275","113.075","34.57K","-1.90%"
"Jul 03, 2017","115.750","116.300","117.225","115.325","20.11K","-2.81%"
"Jun 30, 2017","119.100","119.925","120.000","119.000","0.26K","-0.92%"
"Jun 29, 2017","120.200","120.550","120.925","119.525","1.33K","-0.04%"
"Jun 28, 2017","120.250","119.200","120.450","118.850","1.55K","0.54%"
"Jun 27, 2017","119.600","121.725","121.775","119.100","1.37K","-1.54%"
"Jun 26, 2017","121.475","119.000","121.650","118.600","1.52K","1.91%"
"Jun 23, 2017","119.200","119.375","119.575","118.525","1.12K","0.48%"
"Jun 22, 2017","118.625","119.300","119.500","118.000","2.23K","-0.73%"
"Jun 21, 2017","119.500","121.050","121.600","119.400","2.36K","-0.71%"
"Jun 20, 2017","120.350","120.025","121.025","118.025","2.32K","0.29%"
"Jun 19, 2017","120.000","121.700","122.250","119.675","1.94K","-1.40%"
"Jun 16, 2017","121.700","123.225","123.225","121.250","2.42K","-0.65%"
"Jun 15, 2017","122.500","124.200","124.350","122.100","3.85K","-1.61%"
"Jun 14, 2017","124.500","126.875","127.000","124.500","4.13K","-2.35%"
"Jun 13, 2017","127.500","128.950","129.075","127.100","2.66K","-0.66%"
"Jun 12, 2017","128.350","131.350","131.350","128.250","4.91K","-2.21%"
"Jun 09, 2017","131.250","131.200","131.700","130.475","3.77K","-0.10%"
"Jun 08, 2017","131.375","131.725","132.750","131.225","4.80K","0.13%"
"Jun 07, 2017","131.200","130.325","132.325","129.750","5.78K","0.77%"
"Jun 06, 2017","130.200","133.225","134.225","129.550","7.69K","-1.44%"
"Jun 05, 2017","132.100","131.100","132.675","130.725","7.38K","0.97%"
"Jun 02, 2017","130.825","129.500","131.575","128.575","16.72K","2.67%"
"Jun 01, 2017","127.425","124.750","127.425","124.650","10.67K","2.41%"
"May 31, 2017","124.425","123.350","124.600","123.025","10.65K","1.18%"
"May 30, 2017","122.975","122.575","123.250","122.200","10.07K","0.22%"
"May 26, 2017","122.700","124.100","124.625","122.125","12.30K","-0.99%"
"May 25, 2017","123.925","122.975","124.000","122.150","11.94K","1.47%"
"May 24, 2017","122.125","122.850","122.875","120.800","13.35K","-0.77%"
"May 23, 2017","123.075","123.825","124.350","122.600","11.65K","-0.69%"
"May 22, 2017","123.925","123.700","125.125","123.150","14.76K","0.38%"
"May 19, 2017","123.450","123.325","124.050","122.475","15.02K","0.43%"
"May 18, 2017","122.925","121.750","123.900","121.200","21.66K","0.39%"
"May 17, 2017","122.450","122.400","123.450","121.750","28.94K","0.45%"
"May 16, 2017","121.900","122.275","122.875","120.575","23.85K","-0.45%"
"May 15, 2017","122.450","125.650","125.725","122.175","23.13K","-2.18%"
"May 12, 2017","125.175","125.725","126.875","124.200","42.48K","1.01%"
"May 11, 2017","123.925","125.225","125.250","121.325","48.41K","-0.22%"
"May 10, 2017","124.200","124.975","125.125","122.225","57.57K","-0.62%"
"May 09, 2017","124.975","128.000","129.625","124.775","61.67K","-2.19%"
"May 08, 2017","127.775","126.950","128.925","126.050","69.09K","-0.41%"
"May 05, 2017","128.300","131.300","131.350","128.300","47.54K","-2.28%"
"May 04, 2017","131.300","134.500","134.550","130.575","67.88K","0.96%"
"May 03, 2017","130.050","127.050","130.050","127.000","71.95K","2.36%"
"May 02, 2017","127.050","124.100","127.125","124.075","57.47K","2.36%"
"May 01, 2017","124.125","124.625","125.325","123.650","37.24K","-10.05%"
"Apr 28, 2017","138.000","136.500","138.900","136.275","0.42K","1.77%"
"Apr 27, 2017","135.600","132.700","137.000","132.500","2.13K","2.71%"
"Apr 26, 2017","132.025","130.050","132.150","130.000","2.22K","1.69%"
"Apr 25, 2017","129.825","129.450","130.025","129.025","1.76K","0.64%"
"Apr 24, 2017","129.000","129.800","129.825","128.300","2.30K","-0.62%"
"Apr 21, 2017","129.800","129.900","130.400","129.500","2.29K","0.14%"
"Apr 20, 2017","129.625","129.000","130.250","129.000","3.97K","1.33%"
"Apr 19, 2017","127.925","126.950","128.200","126.875","5.78K","0.91%"
"Apr 18, 2017","126.775","126.750","127.725","126.275","3.08K","0.28%"
"Apr 17, 2017","126.425","125.675","126.750","125.550","2.77K","0.84%"
"Apr 13, 2017","125.375","124.200","125.750","123.750","5.17K","0.95%"
"Apr 12, 2017","124.200","123.400","124.800","123.400","4.84K","0.77%"
"Apr 11, 2017","123.250","121.100","123.450","121.100","4.57K","1.78%"
"Apr 10, 2017","121.100","120.700","121.975","120.650","5.82K","0.87%"
"Apr 07, 2017","120.050","118.800","120.475","118.750","13.93K","1.05%"
"Apr 06, 2017","118.800","118.550","119.050","118.175","6.08K","0.44%"
"Apr 05, 2017","118.275","118.000","118.625","117.500","7.85K","0.04%"
"Apr 04, 2017","118.225","119.150","119.150","118.125","9.10K","-1.00%"
"Apr 03, 2017","119.425","119.950","120.325","118.900","8.90K","-0.44%"
"Mar 31, 2017","119.950","119.550","120.225","119.125","8.22K","-0.04%"
"Mar 30, 2017","120.000","121.000","121.000","119.525","10.87K","-1.11%"
"Mar 29, 2017","121.350","120.950","121.750","120.775","9.56K","0.48%"
"Mar 28, 2017","120.775","120.975","121.875","120.600","9.58K","-0.25%"
"Mar 27, 2017","121.075","121.975","122.075","121.000","12.34K","-0.84%"
"Mar 24, 2017","122.100","121.950","123.200","121.625","16.78K","0.27%"
"Mar 23, 2017","121.775","122.850","122.900","121.350","15.96K","-0.55%"
"Mar 22, 2017","122.450","120.175","122.900","120.150","33.33K","2.13%"
"Mar 21, 2017","119.900","119.150","120.075","118.500","21.96K","0.84%"
"Mar 20, 2017","118.900","119.350","119.475","118.450","23.64K","-0.36%"
"Mar 17, 2017","119.325","119.275","119.750","118.650","18.91K","0.10%"
"Mar 16, 2017","119.200","118.425","119.500","118.200","28.35K","1.27%"
"Mar 15, 2017","117.700","116.450","118.075","116.200","29.00K","1.18%"
"Mar 14, 2017","116.325","117.675","118.000","116.150","29.66K","-1.21%"
"Mar 13, 2017","117.750","118.025","118.425","117.575","27.70K","0.13%"
"Mar 10, 2017","117.600","116.675","118.250","116.300","-","0.94%"
"Mar 09, 2017","116.500","117.050","117.300","116.200","35.07K","0.45%"
"Mar 08, 2017","115.975","115.500","117.150","115.125","43.96K","0.54%"
"Mar 07, 2017","115.350","115.525","115.925","114.900","30.09K","-0.17%"
"Mar 06, 2017","115.550","116.350","116.575","115.225","22.84K","-0.37%"
"Mar 03, 2017","115.975","116.275","116.575","115.400","23.77K","-0.15%"
"Mar 02, 2017","116.150","117.250","117.600","116.025","30.39K","-1.21%"
"Mar 01, 2017","117.575","118.150","118.950","117.075","39.94K","-7.13%"
"Feb 28, 2017","126.600","125.650","127.125","125.650","0.49K","0.98%"
"Feb 27, 2017","125.375","124.000","125.450","124.000","1.27K","1.31%"
"Feb 24, 2017","123.750","123.300","123.950","122.200","2.05K","0.55%"
"Feb 23, 2017","123.075","121.875","123.400","121.825","2.26K","1.46%"
"Feb 22, 2017","121.300","119.525","121.900","119.150","4.49K","1.85%"
"Feb 21, 2017","119.100","118.325","119.400","118.325","2.31K","1.00%"
"Feb 17, 2017","117.925","116.750","118.000","116.550","3.36K","1.20%"
"Feb 16, 2017","116.525","116.400","117.175","116.100","2.10K","-0.21%"
"Feb 15, 2017","116.775","117.375","117.750","116.600","2.73K","-0.51%"
"Feb 14, 2017","117.375","115.975","117.400","115.575","2.57K","1.25%"
"Feb 13, 2017","115.925","116.550","116.700","115.675","2.02K","-0.41%"
"Feb 10, 2017","116.400","117.775","118.075","116.200","5.25K","-1.06%"
"Feb 09, 2017","117.650","117.250","117.750","116.775","5.06K","0.75%"
"Feb 08, 2017","116.775","117.650","118.250","116.700","6.42K","-0.76%"
"Feb 07, 2017","117.675","116.925","117.725","116.625","4.47K","1.07%"
"Feb 06, 2017","116.425","117.200","117.475","116.250","6.54K","-0.41%"
"Feb 03, 2017","116.900","117.025","117.400","116.500","8.61K","0.02%"
"Feb 02, 2017","116.875","116.000","116.975","115.850","11.47K","1.12%"
"Feb 01, 2017","115.575","115.400","116.400","114.650","13.66K","-0.02%"
"Jan 31, 2017","115.600","116.050","116.575","115.450","8.41K","-0.49%"
"Jan 30, 2017","116.175","116.650","117.050","115.850","13.90K","-1.82%"
"Jan 27, 2017","118.325","118.450","118.775","117.950","9.35K","-0.32%"
"Jan 26, 2017","118.700","119.675","119.900","118.125","13.18K","-0.98%"
"Jan 25, 2017","119.875","119.600","120.700","119.050","14.63K","0.17%"
"Jan 24, 2017","119.675","120.175","120.925","119.175","13.35K","-0.48%"
"Jan 23, 2017","120.250","120.000","120.600","119.500","9.16K","0.00%"
"Jan 20, 2017","120.250","120.825","121.025","119.250","17.62K","-0.64%"
"Jan 19, 2017","121.025","120.225","121.450","119.850","22.80K","0.62%"
"Jan 18, 2017","120.275","119.550","120.450","119.150","18.85K","0.59%"
"Jan 17, 2017","119.575","118.850","119.725","118.825","22.85K","0.89%"
"Jan 13, 2017","118.525","117.175","118.750","116.625","33.28K","0.89%"
"Jan 12, 2017","117.475","118.475","118.625","116.325","39.65K","-1.39%"
"Jan 11, 2017","119.125","118.975","119.700","118.525","39.93K","-0.33%"
"Jan 10, 2017","119.525","116.800","119.525","116.775","47.20K","2.57%"
"Jan 09, 2017","116.525","115.000","116.675","114.100","28.36K","1.48%"
"Jan 06, 2017","114.825","114.725","115.200","113.975","24.09K","-0.22%"
"Jan 05, 2017","115.075","116.000","116.650","114.775","24.51K","-0.52%"
"Jan 04, 2017","115.675","114.500","115.775","114.425","25.29K","0.70%"
"Jan 03, 2017","114.875","116.500","116.575","114.300","29.26K","-3.47%"
"Dec 30, 2016","119.000","119.400","123.700","118.700","-","0.25%"
"Dec 29, 2016","118.700","116.350","118.975","116.300","0.51K","2.35%"
"Dec 28, 2016","115.975","114.950","116.350","114.875","0.54K","0.89%"
"Dec 27, 2016","114.950","114.725","115.275","114.200","0.61K","0.33%"
"Dec 23, 2016","114.575","114.475","115.300","114.000","1.05K","0.50%"
"Dec 22, 2016","114.000","113.400","114.825","113.400","1.77K","0.64%"
"Dec 21, 2016","113.275","111.900","113.450","111.900","1.92K","1.05%"
"Dec 20, 2016","112.100","111.950","112.950","111.675","2.58K","0.13%"
"Dec 19, 2016","111.950","111.575","112.200","111.475","4.79K","-0.33%"
"Dec 16, 2016","112.325","111.075","112.675","111.050","2.36K","1.45%"
"Dec 15, 2016","110.725","110.775","111.375","110.400","1.31K","-0.34%"
"Dec 14, 2016","111.100","111.125","112.125","110.600","3.20K","-0.02%"
"Dec 13, 2016","111.125","110.500","111.725","109.950","3.93K","0.70%"
"Dec 12, 2016","110.350","108.725","111.150","108.475","5.84K","1.49%"
"Dec 09, 2016","108.725","108.300","108.975","107.400","3.25K","-0.30%"
"Dec 08, 2016","109.050","108.900","109.825","107.325","4.88K","-0.30%"
"Dec 07, 2016","109.375","109.625","110.300","108.375","3.84K","-0.43%"
"Dec 06, 2016","109.850","108.400","109.900","107.275","3.55K","1.88%"
"Dec 05, 2016","107.825","108.350","108.475","107.400","5.45K","-0.37%"
"Dec 02, 2016","108.225","110.200","110.325","107.925","11.55K","-2.13%"
"Dec 01, 2016","110.575","111.900","112.250","110.175","14.32K","-0.16%"
"Nov 30, 2016","110.750","109.400","110.925","109.150","12.80K","1.68%"
"Nov 29, 2016","108.925","109.075","109.475","108.575","9.75K","-0.34%"
"Nov 28, 2016","109.300","110.300","110.800","109.075","14.22K","-1.31%"
"Nov 25, 2016","110.750","110.550","111.200","110.300","9.57K","0.98%"
"Nov 23, 2016","109.675","109.350","109.800","108.775","10.38K","0.30%"
"Nov 22, 2016","109.350","108.725","109.600","108.400","9.01K","0.30%"
"Nov 21, 2016","109.025","108.600","109.800","108.550","14.77K","0.65%"
"Nov 18, 2016","108.325","108.275","108.775","107.975","10.80K","0.09%"
"Nov 17, 2016","108.225","108.700","108.900","107.800","15.20K","0.02%"
"Nov 16, 2016","108.200","105.300","108.350","105.150","27.42K","2.58%"
"Nov 15, 2016","105.475","105.500","106.000","104.875","16.80K","-0.09%"
"Nov 14, 2016","105.575","105.575","106.900","105.300","23.24K","-0.02%"
"Nov 11, 2016","105.600","104.800","105.700","104.425","30.16K","1.05%"
"Nov 10, 2016","104.500","103.900","105.200","103.600","31.43K","0.99%"
"Nov 09, 2016","103.475","102.250","103.675","101.950","25.68K","0.85%"
"Nov 08, 2016","102.600","101.525","103.500","101.325","31.77K","0.93%"
"Nov 07, 2016","101.650","102.625","103.000","100.275","40.70K","-1.05%"
"Nov 04, 2016","102.725","103.975","104.000","101.675","30.90K","-1.30%"
"Nov 03, 2016","104.075","105.000","105.350","103.500","23.06K","-1.23%"
"Nov 02, 2016","105.375","105.800","106.000","105.025","23.62K","-0.14%"
"Nov 01, 2016","105.525","103.475","105.800","103.400","23.22K","2.35%"
"Oct 31, 2016","103.100","104.200","104.200","102.600","0.34K","-1.06%"
"Oct 28, 2016","104.200","104.400","104.975","103.825","1.20K","0.07%"
"Oct 27, 2016","104.125","103.250","104.675","103.250","1.21K","1.04%"
"Oct 26, 2016","103.050","102.800","103.675","102.425","1.00K","0.32%"
"Oct 25, 2016","102.725","103.050","103.375","102.500","1.25K","-0.39%"
"Oct 24, 2016","103.125","102.850","103.800","102.750","2.40K","1.95%"
"Oct 21, 2016","101.150","99.350","102.300","99.350","1.99K","2.15%"
"Oct 20, 2016","99.025","96.750","99.025","96.550","1.74K","3.12%"
"Oct 19, 2016","96.025","97.625","98.100","95.850","2.28K","-1.76%"
"Oct 18, 2016","97.750","97.300","98.500","96.350","2.98K","0.49%"
"Oct 17, 2016","97.275","95.775","98.000","95.750","1.75K","1.43%"
"Oct 14, 2016","95.900","94.525","96.325","94.500","2.40K","1.54%"
"Oct 13, 2016","94.450","96.725","97.125","94.300","3.05K","-2.38%"
"Oct 12, 2016","96.750","97.250","98.600","95.675","4.41K","-0.77%"
"Oct 11, 2016","97.500","98.275","99.475","96.675","3.99K","-1.39%"
"Oct 10, 2016","98.875","101.625","102.475","98.875","7.65K","-2.94%"
"Oct 07, 2016","101.875","101.675","102.425","101.625","7.81K","-0.54%"
"Oct 06, 2016","102.425","102.350","103.225","101.550","5.71K","-0.41%"
"Oct 05, 2016","102.850","102.050","102.975","101.300","7.66K","0.93%"
"Oct 04, 2016","101.900","99.225","101.925","99.175","9.15K","3.01%"
"Oct 03, 2016","98.925","98.525","99.700","97.350","9.48K","0.03%"
"Sep 30, 2016","98.900","101.575","101.575","98.900","13.70K","-2.94%"
"Sep 29, 2016","101.900","103.800","104.000","101.650","9.74K","-1.52%"
"Sep 28, 2016","103.475","102.825","104.175","101.525","16.33K","-0.34%"
"Sep 27, 2016","103.825","106.300","106.300","103.825","14.13K","-2.81%"
"Sep 26, 2016","106.825","106.650","107.050","105.575","7.88K","-0.42%"
"Sep 23, 2016","107.275","106.625","107.575","104.425","19.71K","0.19%"
"Sep 22, 2016","107.075","108.500","109.000","106.600","13.44K","-1.36%"
"Sep 21, 2016","108.550","107.975","109.225","107.925","15.28K","0.81%"
"Sep 20, 2016","107.675","107.850","108.250","107.350","11.71K","-0.21%"
"Sep 19, 2016","107.900","108.050","108.200","107.175","18.25K","0.02%"
"Sep 16, 2016","107.875","106.625","108.100","106.100","22.31K","0.86%"
"Sep 15, 2016","106.950","106.400","107.500","106.225","20.19K","1.09%"
"Sep 14, 2016","105.800","104.350","106.050","103.650","34.22K","1.07%"
"Sep 13, 2016","104.675","105.775","105.825","104.375","30.48K","-0.97%"
"Sep 12, 2016","105.700","104.975","106.525","104.750","43.20K","1.25%"
"Sep 09, 2016","104.400","101.100","104.400","101.100","35.84K","2.96%"
"Sep 08, 2016","101.400","102.500","103.000","100.100","42.11K","-1.00%"
"Sep 07, 2016","102.425","99.750","102.850","99.525","27.56K","2.40%"
"Sep 06, 2016","100.025","101.400","102.200","99.375","28.35K","-1.55%"
"Sep 02, 2016","101.600","103.450","104.000","101.375","39.48K","-1.91%"
"Sep 01, 2016","103.575","106.400","106.675","103.575","31.78K","-7.48%"
"Aug 31, 2016","111.950","111.550","113.000","111.550","0.18K","0.40%"
"Aug 30, 2016","111.500","110.775","111.700","110.600","0.97K","0.68%"
"Aug 29, 2016","110.750","109.950","110.850","109.800","0.94K","0.36%"
"Aug 26, 2016","110.350","112.250","112.750","110.025","1.43K","-1.89%"
"Aug 25, 2016","112.475","112.500","112.775","112.050","0.93K","-0.22%"
"Aug 24, 2016","112.725","113.250","113.250","112.000","1.76K","-0.46%"
"Aug 23, 2016","113.250","113.275","113.650","112.825","1.16K","-0.15%"
"Aug 22, 2016","113.425","113.500","113.950","112.750","1.52K","-0.11%"
"Aug 19, 2016","113.550","113.675","113.900","112.750","1.47K","-0.02%"
"Aug 18, 2016","113.575","114.825","115.075","113.400","2.62K","-1.02%"
"Aug 17, 2016","114.750","115.200","115.525","114.625","1.54K","-0.65%"
"Aug 16, 2016","115.500","115.875","116.275","114.325","2.74K","-0.37%"
"Aug 15, 2016","115.925","116.650","117.050","115.850","1.92K","-0.34%"
"Aug 12, 2016","116.325","115.950","116.650","115.275","1.85K","0.26%"
"Aug 11, 2016","116.025","116.800","117.075","115.125","3.77K","-0.71%"
"Aug 10, 2016","116.850","117.150","117.625","116.675","2.56K","-0.11%"
"Aug 09, 2016","116.975","117.125","117.750","116.675","2.62K","0.04%"
"Aug 08, 2016","116.925","117.725","117.750","116.875","4.64K","-0.64%"
"Aug 05, 2016","117.675","117.175","117.750","116.400","10.38K","1.16%"
"Aug 04, 2016","116.325","116.550","117.500","115.950","8.65K","-0.36%"
"Aug 03, 2016","116.750","116.200","117.175","115.925","8.32K","0.45%"
"Aug 02, 2016","116.225","116.150","116.775","115.400","6.67K","0.26%"
"Aug 01, 2016","115.925","113.900","116.075","113.725","11.35K","2.52%"
"Jul 29, 2016","113.075","113.075","113.975","112.800","6.32K","-0.22%"
"Jul 28, 2016","113.325","113.875","114.875","113.050","8.41K","-0.55%"
"Jul 27, 2016","113.950","113.425","114.375","113.250","9.67K","0.07%"
"Jul 26, 2016","113.875","113.150","113.975","112.450","12.28K","0.82%"
"Jul 25, 2016","112.950","110.950","112.950","110.950","12.38K","2.73%"
"Jul 22, 2016","109.950","107.450","110.425","107.350","12.88K","2.26%"
"Jul 21, 2016","107.525","109.550","109.800","107.100","17.11K","-1.74%"
"Jul 20, 2016","109.425","110.000","111.500","109.025","17.44K","-0.88%"
"Jul 19, 2016","110.400","112.425","112.925","110.000","16.39K","-1.82%"
"Jul 18, 2016","112.450","110.400","112.825","109.625","21.88K","1.37%"
"Jul 15, 2016","110.925","112.725","113.100","110.700","19.79K","-1.60%"
"Jul 14, 2016","112.725","111.500","113.500","111.400","38.46K","1.14%"
"Jul 13, 2016","111.450","108.900","111.525","108.725","38.78K","2.34%"
"Jul 12, 2016","108.900","109.400","110.150","108.175","32.11K","-0.41%"
"Jul 11, 2016","109.350","112.000","112.175","109.225","35.09K","-2.56%"
"Jul 08, 2016","112.225","111.575","113.825","111.350","27.95K","0.38%"
"Jul 07, 2016","111.800","112.500","113.125","111.550","17.82K","-0.89%"
"Jul 06, 2016","112.800","113.900","114.400","112.325","19.04K","-0.75%"
"Jul 05, 2016","113.650","113.050","114.225","111.075","23.73K","0.60%"
"Jul 01, 2016","112.975","114.850","115.350","112.775","22.87K","-5.85%"
"Jun 30, 2016","120.000","119.250","121.000","118.675","0.71K","0.93%"
"Jun 29, 2016","118.900","117.200","119.000","117.200","1.71K","1.56%"
"Jun 28, 2016","117.075","116.250","117.200","116.200","1.29K","0.99%"
"Jun 27, 2016","115.925","114.825","116.275","114.825","0.93K","1.07%"
"Jun 24, 2016","114.700","115.200","116.450","114.100","1.49K","-1.76%"
"Jun 23, 2016","116.750","115.425","116.875","115.350","1.41K","1.21%"
"Jun 22, 2016","115.350","115.050","115.900","114.200","2.41K","0.26%"
"Jun 21, 2016","115.050","114.875","115.375","113.775","2.26K","0.48%"
"Jun 20, 2016","114.500","116.425","116.675","113.725","1.92K","-1.91%"
"Jun 17, 2016","116.725","117.000","117.975","116.500","2.16K","-0.47%"
"Jun 16, 2016","117.275","117.750","117.750","115.575","2.56K","0.00%"
"Jun 15, 2016","117.275","119.000","119.000","117.000","2.72K","-1.49%"
"Jun 14, 2016","119.050","118.600","119.375","116.875","3.57K","-0.33%"
"Jun 13, 2016","119.450","122.325","122.325","119.450","2.87K","-2.45%"
"Jun 10, 2016","122.450","123.250","123.325","122.075","3.53K","-0.61%"
"Jun 09, 2016","123.200","123.300","123.725","122.725","1.70K","0.14%"
"Jun 08, 2016","123.025","121.400","123.200","120.250","3.85K","1.48%"
"Jun 07, 2016","121.225","121.100","122.100","120.775","2.35K","0.37%"
"Jun 06, 2016","120.775","123.475","123.750","119.250","9.38K","-1.00%"
"Jun 03, 2016","122.000","122.000","122.300","121.700","8.20K","0.23%"
"Jun 02, 2016","121.725","121.600","122.075","121.225","7.41K","0.25%"
"Jun 01, 2016","121.425","121.050","121.475","120.450","8.32K","0.27%"
"May 31, 2016","121.100","120.250","121.475","120.075","12.04K","1.17%"
"May 27, 2016","119.700","119.200","120.075","119.125","9.30K","0.65%"
"May 26, 2016","118.925","118.450","119.500","116.450","16.93K","0.66%"
"May 25, 2016","118.150","118.100","118.750","117.875","8.90K","0.13%"
"May 24, 2016","118.000","117.825","118.850","116.800","14.26K","-0.13%"
"May 23, 2016","118.150","119.175","119.450","118.050","18.16K","-2.40%"
"May 20, 2016","121.050","121.375","121.475","120.400","15.95K","-0.41%"
"May 19, 2016","121.550","123.050","123.050","120.375","22.27K","-1.28%"
"May 18, 2016","123.125","123.525","123.575","122.525","18.86K","-0.16%"
"May 17, 2016","123.325","123.100","123.800","122.600","15.46K","0.24%"
"May 16, 2016","123.025","123.750","124.250","122.900","22.44K","-0.32%"
"May 13, 2016","123.425","122.575","123.550","121.200","36.05K","0.69%"
"May 12, 2016","122.575","123.050","124.675","121.950","52.84K","-0.20%"
"May 11, 2016","122.825","123.400","124.025","122.425","28.65K","-0.37%"
"May 10, 2016","123.275","123.375","123.850","122.850","34.25K","-0.02%"
"May 09, 2016","123.300","123.725","123.725","122.250","42.55K","2.13%"
"May 06, 2016","120.725","119.625","120.950","119.375","31.80K","0.92%"
"May 05, 2016","119.625","117.775","120.225","117.675","30.13K","1.85%"
"May 04, 2016","117.450","115.550","117.700","115.050","23.22K","0.92%"
"May 03, 2016","116.375","116.550","116.850","115.750","18.23K","0.50%"
"May 02, 2016","115.800","114.925","116.925","114.900","21.22K","-5.93%"
"Apr 29, 2016","123.100","122.850","125.475","122.000","0.49K","0.20%"
"Apr 28, 2016","122.850","125.400","125.700","122.500","1.92K","-2.50%"
"Apr 27, 2016","126.000","127.025","127.675","125.200","2.08K","-0.63%"
"Apr 26, 2016","126.800","125.925","127.275","125.800","2.22K","1.00%"
"Apr 25, 2016","125.550","125.050","125.725","124.150","2.30K","0.66%"
"Apr 22, 2016","124.725","126.925","127.100","124.375","3.33K","-1.40%"
"Apr 21, 2016","126.500","126.300","127.475","125.475","2.84K","0.16%"
"Apr 20, 2016","126.300","127.325","127.775","125.975","2.33K","-0.81%"
"Apr 19, 2016","127.325","127.925","128.500","126.425","4.22K","-0.90%"