,Start Date,Maturity Date,Strike,Put,Call,Underlying,Exp BusDays,Put (MC non-GARCH),Call (MC non-GARCH),Put (MC GARCH),Call (MC GARCH)
0,2019-03-25,2019-03-29,5600,0.01,2.05,Crude Oil WTI Futures,5,0.0,3.0489843198045734,0.005038043222231164,3.0730691527933756
1,2019-03-25,2019-03-29,5645,0.01,1.6,Crude Oil WTI Futures,5,0.0,2.6001232252366764,0.012600957559334368,2.6530548161717293
2,2019-03-25,2019-03-29,5650,0.01,1.55,Crude Oil WTI Futures,5,0.0,2.551703655236588,0.01324708468305169,2.589082479494633
3,2019-03-25,2019-03-29,5700,0.01,1.05,Crude Oil WTI Futures,5,0.0,2.0498154678511207,0.03362530506035372,2.0960497815237087
4,2019-03-25,2019-03-29,5750,0.02,0.57,Crude Oil WTI Futures,5,0.0,1.551508366535146,0.07730431396076369,1.6468373529664924
5,2019-03-25,2019-03-29,5800,0.14,0.19,Crude Oil WTI Futures,5,0.0,1.0478499061431235,0.16490561403304474,1.2201490689793504
6,2019-03-25,2019-03-29,5850,0.48,0.03,Crude Oil WTI Futures,5,0.0,0.5536573937313675,0.2977415237328135,0.8677274055849211
7,2019-03-25,2019-03-29,5900,0.95,0.01,Crude Oil WTI Futures,5,0.03052082713317393,0.08182929062793147,0.5027129508598811,0.5724741749446658
8,2019-03-25,2019-03-29,5950,1.45,0.01,Crude Oil WTI Futures,5,0.4498884332447459,1.2320403628632493e-05,0.7888843533256885,0.3497654115560665
9,2019-03-25,2019-03-29,6000,1.95,0.01,Crude Oil WTI Futures,5,0.9472681051786546,0.0,1.1378717746889293,0.19694253388896982
10,2019-03-25,2019-04-30,5700,0.67,2.78,Crude Oil WTI Futures,27,0.0,2.0841674430194375,0.35888486381266355,2.519564564559717
11,2019-03-25,2019-04-30,5750,0.81,2.41,Crude Oil WTI Futures,27,0.0,1.5876587455360176,0.4955889130063851,2.1012093014826254
12,2019-03-25,2019-04-30,5800,0.97,2.07,Crude Oil WTI Futures,27,2.2086818077132154e-05,1.0840253981521735,0.6662489306357156,1.7757626386172611
13,2019-03-25,2019-04-30,5850,1.15,1.76,Crude Oil WTI Futures,27,0.001368339480330587,0.582680284077071,0.8187211665480549,1.4849861212374929
14,2019-03-25,2019-04-30,5900,1.36,1.47,Crude Oil WTI Futures,27,0.06859923712453932,0.15879715050595855,1.0716191784722986,1.2219481285325213
15,2019-03-25,2019-04-30,5950,1.6,1.21,Crude Oil WTI Futures,27,0.4180757704276587,0.008369565282230717,1.3551412095759674,0.933021936730651
16,2019-03-25,2019-04-30,6000,1.87,0.99,Crude Oil WTI Futures,27,0.9146171947892965,6.902005762911393e-06,1.6276623075826884,0.7610257244403285
17,2019-03-25,2019-04-30,6050,2.18,0.79,Crude Oil WTI Futures,27,1.4044405744983968,0.0,1.9445542771127566,0.5976088160800833
18,2019-03-25,2019-04-30,6100,2.51,0.63,Crude Oil WTI Futures,27,1.9077285747861694,0.0,2.3103489374603603,0.4636184962140396
19,2019-03-25,2019-04-30,6150,2.87,0.49,Crude Oil WTI Futures,27,2.4019485837526693,0.0,2.6791506750242404,0.33206033494547504
20,2019-03-25,2019-09-30,5850,3.73,5.91,Crude Oil WTI Futures,136,0.027180627893338357,0.7927063061814074,2.1421936775709276,3.3331893102556895
21,2019-03-25,2019-09-30,5900,3.93,5.62,Crude Oil WTI Futures,136,0.11694415361990346,0.4095429804369699,2.3908731203469427,3.059179426294897
22,2019-03-25,2019-09-30,5950,4.13,5.33,Crude Oil WTI Futures,136,0.3591007777680207,0.14586788196876585,2.642943330738272,2.7418809855573443
23,2019-03-25,2019-09-30,6000,4.35,5.05,Crude Oil WTI Futures,136,0.7373309987168043,0.03367674056530848,2.9291599231129273,2.5228739435427245
24,2019-03-25,2019-09-30,6050,4.57,4.78,Crude Oil WTI Futures,136,1.204946027558893,0.0041693445335944,3.176650773200981,2.36951478380425
25,2019-03-25,2019-09-30,6100,4.8,4.52,Crude Oil WTI Futures,136,1.687775146390964,0.0005983248675187028,3.51055850754612,2.1727509220913563
26,2019-03-25,2019-09-30,6125,4.92,4.39,Crude Oil WTI Futures,136,1.9368101407277587,0.00015827093519093247,3.614583266934606,2.076969454893198
27,2019-03-25,2019-09-30,6150,5.04,4.26,Crude Oil WTI Futures,136,2.18295562949142,7.309171638512699e-06,3.729802752451133,2.0019685620504495
28,2019-03-25,2019-09-30,6160,5.09,4.22,Crude Oil WTI Futures,136,2.299231284365043,2.9038000210708826e-05,3.9481782534391283,1.8910369477287645
29,2019-03-25,2019-09-30,6175,5.17,4.14,Crude Oil WTI Futures,136,2.4337453103944577,0.0,3.9189396418831253,1.8463894115032498
30,2019-03-25,2020-03-31,5700,5.0,7.53,Crude Oil WTI Futures,267,0.00025118028620997173,2.4475088896693755,2.475928519192123,5.7820305981933995
31,2019-03-25,2020-03-31,5750,5.2,7.24,Crude Oil WTI Futures,267,0.002107677431904096,1.9558043226742692,2.678450487440207,5.624810340450966
32,2019-03-25,2020-03-31,5800,5.4,6.95,Crude Oil WTI Futures,267,0.011049252028758918,1.4814298329965727,2.919690023965406,5.132843090887292
33,2019-03-25,2020-03-31,5850,5.61,6.67,Crude Oil WTI Futures,267,0.042613257283503715,1.0149364950434985,3.0733043340278843,5.050376501845541
34,2019-03-25,2020-03-31,5900,5.83,6.4,Crude Oil WTI Futures,267,0.13893496060425678,0.6199046074518053,3.300241546164413,4.923195695241742
35,2019-03-25,2020-03-31,5950,6.05,6.14,Crude Oil WTI Futures,267,0.3224030329019271,0.3245977330898444,3.5644640474090985,4.460242602346209
36,2019-03-25,2020-03-31,5975,6.16,6.01,Crude Oil WTI Futures,267,0.4439468341713336,0.22486103577518698,3.633902922975023,4.367132725061835
37,2019-03-25,2020-03-31,6000,6.28,5.88,Crude Oil WTI Futures,267,0.6245236775483312,0.1398458772745402,3.7860253257107783,4.331839653027416
38,2019-03-25,2020-03-31,6050,6.51,5.63,Crude Oil WTI Futures,267,1.0202035671296625,0.04942098457899363,4.049041572421819,4.114726073819391
39,2019-03-25,2020-03-31,6100,6.75,5.38,Crude Oil WTI Futures,267,1.488301834452743,0.012644542305032022,4.396554374880895,3.8325167486123317
40,2019-03-25,2021-03-31,4500,2.97,14.03,Crude Oil WTI Futures,528,0.0,14.231029481732676,0.6136676437282736,17.17126383259642
41,2019-03-25,2021-03-31,4950,4.35,11.11,Crude Oil WTI Futures,528,0.0,9.922436089170857,1.4265383287452966,13.779109382300819
42,2019-03-25,2021-03-31,5000,4.52,10.81,Crude Oil WTI Futures,528,0.0,9.453870952543333,1.473662025729456,13.295896771136189
43,2019-03-25,2021-03-31,5100,4.88,10.21,Crude Oil WTI Futures,528,0.0,8.503482317173164,1.7634467900071447,12.564688747402574
44,2019-03-25,2021-03-31,5200,5.25,9.63,Crude Oil WTI Futures,528,0.0,7.527414328504578,2.0270304634217804,12.188848114076386
45,2019-03-25,2021-03-31,5500,6.43,7.94,Crude Oil WTI Futures,528,0.0,4.691025760400044,2.9751270271666663,10.15440990107434
46,2019-03-25,2021-03-31,5575,6.75,7.54,Crude Oil WTI Futures,528,0.00014702523917732894,3.960093040998877,3.299516660936328,9.55840453526082
47,2019-03-25,2021-03-31,5975,8.63,5.6,Crude Oil WTI Futures,528,0.37018259712685847,0.5483726289029535,4.713011619691264,7.772981384389527
48,2019-03-25,2021-03-31,6000,8.76,5.5,Crude Oil WTI Futures,528,0.4849796673977625,0.41854850096619656,4.948759464814904,7.437420410278231
49,2019-03-25,2021-03-31,6500,11.65,3.61,Crude Oil WTI Futures,528,4.8371191314538065,4.279108863113264e-06,7.846045891816269,5.33512943038142
50,2019-03-25,2022-03-31,4950,5.38,10.76,Crude Oil WTI Futures,789,0.0,10.069854439303187,2.120715152035245,16.281681746877815
51,2019-03-25,2022-03-31,5100,5.93,9.91,Crude Oil WTI Futures,789,0.0,8.676219082254862,2.4356770631507763,15.37719782231292
52,2019-03-25,2022-03-31,11000,51.49,0.22,Crude Oil WTI Futures,789,46.34256158805429,0.0,43.13230062182611,0.9161875075792696
53,2019-03-25,2023-03-31,4950,6.2,10.61,Crude Oil WTI Futures,1050,0.0,10.18460058156736,2.527863897629006,18.761563828648796
54,2019-03-25,2023-03-31,5100,6.77,9.81,Crude Oil WTI Futures,1050,0.0,8.821388333448304,2.924930726080251,18.21516487878176
55,2019-03-25,2023-03-31,11000,51.43,0.35,Crude Oil WTI Futures,1050,44.91390040103565,0.0,40.84888354862883,2.2048383126316153
56,2019-03-25,2019-04-30,14000,0.0223,0.0473,Ethanol Futures,27,0.0001587577285953987,0.009226473491928006,0.02799888459393341,0.04144678562268319
57,2019-03-25,2019-04-30,14500,0.084,0.0234,Ethanol Futures,27,0.04073278152027727,0.0,0.05757259769944233,0.018621881794121317
58,2019-03-25,2019-04-30,15000,0.1156,0.01,Ethanol Futures,27,0.09045790169418398,0.0,0.09522791200721252,0.007371415231081639
59,2019-03-25,2019-04-30,15500,0.152,0.0037,Ethanol Futures,27,0.14038658735674756,0.0,0.1405787503348193,0.002538185903716512
60,2019-03-25,2019-04-30,16000,0.1923,0.0171,Ethanol Futures,27,0.1902581548555874,0.0,0.1885533217055468,0.0009044948563426348
61,2019-03-25,2019-04-30,16500,0.2354,0.0108,Ethanol Futures,27,0.24023400882180873,0.0,0.23787038717681222,0.00022406458916510679
62,2019-03-25,2019-06-28,12000,0.0039,0.2579,Ethanol Futures,70,0.0,0.2096133102035864,0.002803399646291986,0.21975025731316383
63,2019-03-25,2019-06-28,12500,0.0087,0.2146,Ethanol Futures,70,0.0,0.15998846110785245,0.006725051480934018,0.17421633236555725
64,2019-03-25,2019-06-28,13000,0.0169,0.1312,Ethanol Futures,70,0.0,0.11026596884451756,0.016103634277519083,0.13105254400204122
65,2019-03-25,2019-06-28,13500,0.03,0.0946,Ethanol Futures,70,0.0,0.060622809310025005,0.028323927667862722,0.09735505268524709
66,2019-03-25,2019-06-28,14000,0.0503,0.0652,Ethanol Futures,70,0.0005345847595358725,0.01143249996455246,0.047701964739774574,0.0672674487745184
67,2019-03-25,2019-06-28,14500,0.0764,0.0443,Ethanol Futures,70,0.03881624499198898,0.0,0.07562512475802172,0.04529740284604479
68,2019-03-25,2019-06-28,15000,0.1042,0.0296,Ethanol Futures,70,0.08836724869354248,0.0,0.10764846135901752,0.029380036221127028
69,2019-03-25,2019-06-28,15500,0.1367,0.0192,Ethanol Futures,70,0.13809407839721277,0.0,0.14653781033432692,0.016932108293023045
70,2019-03-25,2019-06-28,16000,0.1732,0.0307,Ethanol Futures,70,0.1877582258262684,0.0,0.18755720928778652,0.009662532035133614
71,2019-03-25,2019-06-28,16500,0.213,0.0214,Ethanol Futures,70,0.23739364176317013,0.0,0.23391628020155764,0.0054406943590319685
72,2019-03-25,2019-09-30,11500,0.0071,0.3145,Ethanol Futures,136,0.0,0.2600412480864682,0.006210810218145495,0.2842289242174318
73,2019-03-25,2019-09-30,12000,0.0118,0.2705,Ethanol Futures,136,0.0,0.2108945514923485,0.01190197048846739,0.24050421643071668
74,2019-03-25,2019-09-30,12500,0.0192,0.22899999999999998,Ethanol Futures,136,0.0,0.1616047835222812,0.019299929347809074,0.20355708115163368
75,2019-03-25,2019-09-30,13000,0.0296,0.1907,Ethanol Futures,136,0.0,0.11204719925129164,0.03308034092518679,0.16330323620362477
76,2019-03-25,2019-09-30,13500,0.0438,0.156,Ethanol Futures,136,0.0,0.06315386128459342,0.04821303287695478,0.13082730130644848
77,2019-03-25,2019-09-30,14000,0.0621,0.1255,Ethanol Futures,136,0.0009423439387081452,0.014425232856434388,0.06997381090805826,0.1030974868153454
78,2019-03-25,2019-09-30,14500,0.0847,0.0993,Ethanol Futures,136,0.0357310686737953,1.828600425308672e-05,0.09629326860438839,0.07845884000935577
79,2019-03-25,2019-09-30,15000,0.1115,0.0773,Ethanol Futures,136,0.08509187369606096,0.0,0.12456120805159734,0.059650877151059004
80,2019-03-25,2019-09-30,15500,0.1422,0.0592,Ethanol Futures,136,0.1343951620670235,0.0,0.16048720743501166,0.043278645014878055
81,2019-03-25,2019-09-30,16000,0.1767,0.0449,Ethanol Futures,136,0.18367431664686676,0.0,0.19777488318599742,0.03368088540769222
82,2019-03-25,2019-04-30,1290,0.2,22.5,Gold Futures,27,0.0,23.351300952547398,4.321395869855063,26.622994183761953
83,2019-03-25,2019-04-30,1295,0.4,17.7,Gold Futures,27,0.0,18.333927273154295,5.50460073175576,23.413871664115362
84,2019-03-25,2019-04-30,1300,0.8,13.1,Gold Futures,27,0.0,13.402071689338028,7.1544749989065375,20.028309433877066
85,2019-03-25,2019-04-30,1305,1.6,8.9,Gold Futures,27,0.0027650183205299747,8.405101640247176,9.077549626103782,16.941557613498464
86,2019-03-25,2019-04-30,1310,3.3,5.6,Gold Futures,27,0.1735738699672751,3.4996079124583486,11.283479154639354,13.866648321246661
87,2019-03-25,2019-04-30,1315,5.9,3.2,Gold Futures,27,2.1625374083330016,0.5420580388335812,13.353721256781526,11.537075631788154
88,2019-03-25,2019-04-30,1320,9.5,1.8,Gold Futures,27,6.671216774304291,0.01282534097147581,16.212984525290814,9.65833563991076
89,2019-03-25,2019-04-30,1325,13.7,1.0,Gold Futures,27,11.53643163291598,0.0,19.840744691298,7.44685534630364
90,2019-03-25,2019-04-30,1330,18.2,0.5,Gold Futures,27,16.60319770002159,0.0,22.76089446131429,5.974400923781569
91,2019-03-25,2019-04-30,1335,23.0,0.3,Gold Futures,27,21.608672630605724,0.0,26.519022165757896,4.486013792881517
92,2019-03-25,2019-06-28,1295,11.6,30.1,Gold Futures,70,0.0,19.94918073958188,12.976034708440784,30.78686207778213
93,2019-03-25,2019-06-28,1300,13.5,27.1,Gold Futures,70,0.0003265868540021094,14.895197283265306,14.780249900904147,27.912698290747624
94,2019-03-25,2019-06-28,1305,15.8,24.3,Gold Futures,70,0.0249632688626123,9.948878481200689,17.096732461509273,25.26422078809042
95,2019-03-25,2019-06-28,1310,18.2,21.8,Gold Futures,70,0.33296165265968664,5.3096185514131795,19.01690916546354,23.193644393686988
96,2019-03-25,2019-06-28,1315,20.9,19.5,Gold Futures,70,1.8381968563415338,1.876028566718335,21.119210226481233,20.559900824459078
97,2019-03-25,2019-06-28,1320,23.8,17.4,Gold Futures,70,5.261293612025834,0.34559206589644326,24.03635619654901,18.222996909484493
98,2019-03-25,2019-06-28,1325,26.9,15.6,Gold Futures,70,9.925378450753536,0.028103884139587813,26.88172893821401,15.912239314562004
99,2019-03-25,2019-06-28,1330,30.3,13.9,Gold Futures,70,14.951920215150155,0.0013217897635526465,30.12463368997271,13.644436615845843
100,2019-03-25,2019-06-28,1335,33.8,12.5,Gold Futures,70,19.769575931042585,0.0,33.03089649589303,12.343157260087931
101,2019-03-25,2019-06-28,1340,37.4,11.1,Gold Futures,70,24.858852265747288,0.0,36.615874095816835,10.721772722301834
102,2019-03-25,2019-10-31,1310,24.0,44.5,Gold Futures,159,0.39847210995287824,8.687144547642992,29.876543617013244,35.983918491086584
103,2019-03-25,2019-10-31,1315,26.3,41.8,Gold Futures,159,1.3638880604853767,4.758903506395858,32.88808376175614,34.10623469986267
104,2019-03-25,2019-10-31,1320,28.7,39.3,Gold Futures,159,3.524652231097983,2.07763751600836,35.950207672645696,31.712039448427856
105,2019-03-25,2019-10-31,1325,31.3,36.9,Gold Futures,159,7.025891053710274,0.6708047755856014,38.27590450778284,28.660640324915033
106,2019-03-25,2019-10-31,1330,34.0,34.7,Gold Futures,159,11.43436267899035,0.15215192973538383,40.736731317492634,28.35066955219793
107,2019-03-25,2019-10-31,1335,36.9,32.6,Gold Futures,159,16.19426270866496,0.02382023887383642,43.62162441688017,25.314075300809066
108,2019-03-25,2019-10-31,1340,39.9,30.6,Gold Futures,159,21.1366895034399,0.002831215402283182,47.78242109972803,22.840292253884453
109,2019-03-25,2019-10-31,1345,43.0,28.8,Gold Futures,159,26.02674151395918,0.0006232564707871593,51.16926699106869,21.620984825641237
110,2019-03-25,2019-10-31,1350,46.2,27.1,Gold Futures,159,31.00127637705776,0.0,53.743167451044314,19.586169976750405
111,2019-03-25,2019-10-31,1355,39.6,25.5,Gold Futures,159,36.05232515768318,0.0,56.54169238233958,18.404283037086408
112,2019-03-25,2020-04-30,1325,42.9,65.6,Gold Futures,289,4.478563259399647,2.893982315792709,48.64633622612735,45.39554636308045
113,2019-03-25,2020-04-30,1330,45.3,63.1,Gold Futures,289,7.808094737765912,1.2710482947020405,51.995596677573154,43.94521836357301
114,2019-03-25,2020-04-30,1335,47.7,60.6,Gold Futures,289,11.689463355383658,0.4925328232828744,54.046167957561885,41.26436547894225
115,2019-03-25,2020-04-30,1340,50.3,58.3,Gold Futures,289,16.152613581414954,0.16266204852119315,56.681541358428284,39.14575816238414
116,2019-03-25,2020-04-30,1345,53.0,56.0,Gold Futures,289,21.001725899905473,0.04726813773186262,60.99160606407575,37.09287644267599
117,2019-03-25,2020-04-30,1350,55.7,53.8,Gold Futures,289,25.74138416313272,0.00793834269256945,65.3614571721179,34.07853434710889
118,2019-03-25,2020-04-30,1355,58.5,51.7,Gold Futures,289,30.747327652971325,0.0025771751651573345,68.00741762973566,32.91483402939781
119,2019-03-25,2020-04-30,1360,61.4,49.7,Gold Futures,289,35.583045072222255,0.0,70.14392512391963,32.448794593372924
120,2019-03-25,2020-04-30,1365,64.4,47.8,Gold Futures,289,40.6341914874304,0.0,73.64201621626617,29.446513460217
121,2019-03-25,2020-04-30,1370,67.5,45.9,Gold Futures,289,45.30587700782398,0.0,75.03520610288922,28.610008813007177
122,2019-03-25,2021-06-30,1360,80.1,104.3,Gold Futures,593,25.04630993055753,0.17136949545811112,85.13695801698412,61.444598127866165
123,2019-03-25,2021-06-30,1365,82.7,102.1,Gold Futures,593,29.5148797716728,0.051589498058791525,89.35315326044518,57.90417026695136
124,2019-03-25,2021-06-30,1370,85.4,99.9,Gold Futures,593,34.46804421914306,0.013825538923335944,91.76953323282561,57.63887073843781
125,2019-03-25,2021-06-30,1375,88.1,97.7,Gold Futures,593,39.315269480154605,0.009367861944138446,94.71903052071116,55.05273468729982
126,2019-03-25,2021-06-30,1380,90.8,95.7,Gold Futures,593,43.62194244970539,0.0020812670057091284,97.15466395028801,51.80361091269862
127,2019-03-25,2021-06-30,1385,93.6,93.6,Gold Futures,593,48.54662486730131,0.0009228344455251701,100.42342311816138,52.74882850440128
128,2019-03-25,2021-06-30,1390,96.5,91.6,Gold Futures,593,53.423465717146804,3.1105490811546395e-05,103.31552290155776,48.75327525117285
129,2019-03-25,2021-06-30,1395,99.4,89.7,Gold Futures,593,58.18532638029341,0.0,104.41338563354086,48.836859339316156
130,2019-03-25,2021-06-30,1400,102.4,87.8,Gold Futures,593,62.94026053185202,0.0,109.0439522953412,46.084057639779786
131,2019-03-25,2021-06-30,1405,105.4,86.0,Gold Futures,593,67.35696673822191,0.0,112.8399235381097,45.718908336282915
132,2019-03-25,2022-06-30,1395,108.7,123.8,Gold Futures,854,49.32538243988769,0.0015953081553430892,112.79495587322931,65.94844355635244
133,2019-03-25,2022-06-30,1400,111.7,122.1,Gold Futures,854,53.76973038258675,2.5060438553014454e-05,118.50972210197884,66.33187359077833
134,2019-03-25,2022-06-30,1405,114.8,120.3,Gold Futures,854,58.0513856109119,0.000476932415110824,122.02647654609072,62.26198686392175
135,2019-03-25,2022-06-30,1410,117.9,118.7,Gold Futures,854,63.222665444701306,0.0,123.24671521747206,62.79682664803888
136,2019-03-25,2022-06-30,1415,121.0,117.0,Gold Futures,854,67.64963984661286,0.0,126.6289801165327,61.47435949729849
137,2019-03-25,2022-06-30,1420,124.3,115.4,Gold Futures,854,72.49541952058878,0.0,130.2797376795441,57.58611297853772
138,2019-03-25,2022-06-30,1425,127.5,113.9,Gold Futures,854,77.03586955750805,0.0,134.25044732139787,56.189207312977466
139,2019-03-25,2022-06-30,1430,130.8,112.4,Gold Futures,854,81.70819001478155,0.0,135.25413087024666,54.688187424746886
140,2019-03-25,2022-06-30,1435,134.2,111.0,Gold Futures,854,86.45272191718338,0.0,137.58222743411454,55.279787621193755
141,2019-03-25,2022-06-30,1440,137.6,109.6,Gold Futures,854,91.05083837507591,0.0,143.1736101597766,53.27459958699039
142,2019-03-25,2023-06-30,1425,126.8,146.9,Gold Futures,1115,67.58274585575002,0.0009668972464224638,135.23172404874956,76.06830986646453
143,2019-03-25,2023-06-30,1430,129.8,145.2,Gold Futures,1115,71.86026043774633,0.000219657256720181,140.19431323890976,73.21379273175484
144,2019-03-25,2023-06-30,1435,133.0,143.6,Gold Futures,1115,76.34869334109895,0.0,143.7133301508694,71.10187182900667
145,2019-03-25,2023-06-30,1440,136.1,142.0,Gold Futures,1115,81.07130507944413,0.0,147.18688666352602,69.48203390507743
146,2019-03-25,2023-06-30,1445,139.4,140.5,Gold Futures,1115,85.67500366593619,0.0,149.41255909757703,67.29698119665255
147,2019-03-25,2023-06-30,1450,142.6,139.0,Gold Futures,1115,90.20387249758883,0.0,154.4963910245812,65.12197167684256
148,2019-03-25,2023-06-30,1455,145.9,137.5,Gold Futures,1115,94.84004329662739,0.0,153.99343186999928,67.14118138076743
149,2019-03-25,2023-06-30,1460,149.2,136.1,Gold Futures,1115,99.15453127951302,0.0,162.80912711186488,63.853296020776604
150,2019-03-25,2023-06-30,1465,152.6,134.8,Gold Futures,1115,103.86252167548105,0.0,161.95314232942277,63.51002216407182
151,2019-03-25,2023-06-30,1470,156.0,133.4,Gold Futures,1115,108.53486386271028,0.0,162.3864816895244,62.415295858634494
152,2019-03-25,2024-06-28,1455,141.9,164.2,Gold Futures,1375,84.84730450780157,0.0,158.48535184380145,79.44739182716357
153,2019-03-25,2024-06-28,1460,145.0,162.7,Gold Futures,1375,88.94810990562091,0.0,162.82537298619562,77.1712609829961
154,2019-03-25,2024-06-28,1465,148.2,161.2,Gold Futures,1375,93.73526057362069,0.0,165.25236236507342,76.89205364225414
155,2019-03-25,2024-06-28,1470,151.4,159.7,Gold Futures,1375,97.96803928122543,0.0,167.26116543590902,76.00359124186535
156,2019-03-25,2024-06-28,1475,154.7,158.2,Gold Futures,1375,102.5354011314424,0.0,171.2771062697475,73.55918484883816
157,2019-03-25,2024-06-28,1480,158.0,156.9,Gold Futures,1375,107.17224129685033,0.0,170.69424890864127,73.1807894891578
158,2019-03-25,2024-06-28,1485,161.3,155.5,Gold Futures,1375,111.57967523157136,0.0,176.35435212320832,68.43403294025315
159,2019-03-25,2024-06-28,1490,164.7,154.2,Gold Futures,1375,115.7094560057742,0.0,177.43975965527812,67.78780599304977
160,2019-03-25,2024-06-28,1495,168.1,152.9,Gold Futures,1375,120.27845647738215,0.0,181.76874169794772,68.25430985932005
161,2019-03-25,2024-06-28,1500,171.6,151.6,Gold Futures,1375,124.40794592423462,0.0,186.7776012693885,66.01544731648508
162,2019-03-25,2019-03-29,1520,0.018000000000000002,0.255,Silver Futures,5,0.0,0.2096609867038186,0.031172738424968885,0.24485546331172137
163,2019-03-25,2019-03-29,1525,0.026000000000000002,0.213,Silver Futures,5,0.0,0.15962966924859842,0.041891852213779564,0.20462472372632828
164,2019-03-25,2019-03-29,1530,0.038,0.175,Silver Futures,5,0.0,0.10945361496064283,0.05687926606054136,0.17084519913249935
165,2019-03-25,2019-03-29,1535,0.054000000000000006,0.141,Silver Futures,5,9.768838881703364e-05,0.060080717794460704,0.07751867297826305,0.13902720539892574
166,2019-03-25,2019-03-29,1540,0.073,0.11,Silver Futures,5,0.006382511251512421,0.01602162258365691,0.10085005671231342,0.11062963203419134
167,2019-03-25,2019-03-29,1545,0.098,0.085,Silver Futures,5,0.0409684650442943,0.0006922833639336426,0.12524155741991327,0.08715231424530695
168,2019-03-25,2019-03-29,1550,0.127,0.064,Silver Futures,5,0.08989835119740563,4.653039931149491e-06,0.15972902753523782,0.06587347436390054
169,2019-03-25,2019-03-29,1555,0.16,0.047,Silver Futures,5,0.13998393589512492,0.0,0.19108709853886913,0.04991299311603122
170,2019-03-25,2019-03-29,1560,0.19699999999999998,0.034,Silver Futures,5,0.18976718493064879,0.0,0.2241004072105557,0.03751085406467348
171,2019-03-25,2019-03-29,1565,0.237,0.024,Silver Futures,5,0.23994246967824684,0.0,0.2673584453999688,0.025363935827858616
172,2019-03-25,2019-06-28,1525,0.255,0.521,Silver Futures,70,0.0004808654452941426,0.18835832772449568,0.2834195188575494,0.475688896764327
173,2019-03-25,2019-06-28,1530,0.276,0.49200000000000005,Silver Futures,70,0.0017446386766633581,0.13988066385631656,0.31662584939685223,0.44643493085751895
174,2019-03-25,2019-06-28,1535,0.299,0.465,Silver Futures,70,0.006930449716371906,0.09502021514487173,0.326551731098653,0.4327569928539368
175,2019-03-25,2019-06-28,1540,0.322,0.43799999999999994,Silver Futures,70,0.01799906222128208,0.05633117890578641,0.3395107824634712,0.4181677475382378
176,2019-03-25,2019-06-28,1545,0.34700000000000003,0.41200000000000003,Silver Futures,70,0.03910326076557711,0.03007370037145072,0.37032056846561684,0.37590926530208674
177,2019-03-25,2019-06-28,1550,0.373,0.38799999999999996,Silver Futures,70,0.07266622195476967,0.013140345729778988,0.41350795711764277,0.35543797890060363
178,2019-03-25,2019-06-28,1555,0.4,0.365,Silver Futures,70,0.1148465966614973,0.004180305549178425,0.42583800681974515,0.3378760038639357
179,2019-03-25,2019-06-28,1560,0.428,0.342,Silver Futures,70,0.1600962745050324,0.0011871227264602822,0.4582494341375095,0.3014527693687397
180,2019-03-25,2019-06-28,1565,0.45799999999999996,0.321,Silver Futures,70,0.2080532734752611,0.00023278482331523764,0.4825688039785946,0.28824418464805046
181,2019-03-25,2019-06-28,1570,0.488,0.301,Silver Futures,70,0.25898890626105264,1.9259169887396356e-05,0.5155722317298405,0.2689333139404068
182,2019-03-25,2019-09-30,1450,0.223,1.306,Silver Futures,136,0.0,0.9572285685845014,0.17756842679686244,1.1598896671498544
183,2019-03-25,2019-09-30,1475,0.292,1.127,Silver Futures,136,0.0,0.7106407807796584,0.24496602748052365,0.9854916636764678
184,2019-03-25,2019-09-30,1500,0.377,0.963,Silver Futures,136,0.0,0.463395446152827,0.33289723448566044,0.8190290020955929
185,2019-03-25,2019-09-30,1525,0.48,0.818,Silver Futures,136,0.0016763351587233415,0.216954160819642,0.42074932523314185,0.6844556596916375
186,2019-03-25,2019-09-30,1550,0.601,0.691,Silver Futures,136,0.06489261972780686,0.03408160348840467,0.5437385548476613,0.5679534681385516
187,2019-03-25,2019-09-30,1575,0.74,0.5820000000000001,Silver Futures,136,0.27492005199857045,0.0004122190963124381,0.6766934803882326,0.4420678228186872
188,2019-03-25,2019-09-30,1600,0.894,0.488,Silver Futures,136,0.5228678067632871,0.0,0.8418738768781187,0.3616629336184248
189,2019-03-25,2019-09-30,1625,1.061,0.408,Silver Futures,136,0.7714773679062842,0.0,1.0009138044229131,0.27794552370657405
190,2019-03-25,2019-09-30,1650,1.242,0.34,Silver Futures,136,1.0176540727296532,0.0,1.1928682431050965,0.2112775849993851
191,2019-03-25,2019-09-30,1675,1.435,0.285,Silver Futures,136,1.262999004094408,0.0,1.400023739798832,0.16224708066176496
192,2019-03-25,2020-03-31,1475,0.595,1.7209999999999999,Silver Futures,267,0.0,0.7575485379257858,0.42115437324833555,1.3066934830578572
193,2019-03-25,2020-03-31,1500,0.688,1.567,Silver Futures,267,2.9231008816935556e-05,0.5138408260703005,0.5341352820500203,1.145768717795286
194,2019-03-25,2020-03-31,1525,0.7909999999999999,1.4240000000000002,Silver Futures,267,0.0032352332165041815,0.27445191114966705,0.6516961512106877,0.9969752961294287
195,2019-03-25,2020-03-31,1550,0.904,1.29,Silver Futures,267,0.05226748166618558,0.07937103725028538,0.7502494060596989,0.8915250186828148
196,2019-03-25,2020-03-31,1575,1.0270000000000001,1.167,Silver Futures,267,0.22270219650042908,0.007807795751086924,0.8720960404574555,0.7744640577496922
197,2019-03-25,2020-03-31,1600,1.16,1.055,Silver Futures,267,0.4594956045909148,0.00016769177239097556,1.032203986894805,0.6839041187337942
198,2019-03-25,2020-03-31,1625,1.304,0.9520000000000001,Silver Futures,267,0.7047304436255449,0.0,1.1918204887409851,0.585301517342858
199,2019-03-25,2020-03-31,1650,1.4569999999999999,0.86,Silver Futures,267,0.9501430772803046,0.0,1.3622311868915482,0.4987233842631376
200,2019-03-25,2020-03-31,1675,1.62,0.7759999999999999,Silver Futures,267,1.1916574162966018,0.0,1.494977767837143,0.41370247611352523
201,2019-03-25,2020-03-31,1700,1.791,0.701,Silver Futures,267,1.433098573771392,0.0,1.642674192294151,0.37244476362945605
202,2019-03-25,2021-07-30,1525,1.251,2.455,Silver Futures,615,0.00575648988745116,0.397464341085963,0.9529601770898344,1.7370582304617574
203,2019-03-25,2021-07-30,1550,1.361,2.322,Silver Futures,615,0.037638588216290465,0.19718647408399506,1.0775891774392572,1.6494034644959248
204,2019-03-25,2021-07-30,1575,1.4780000000000002,2.197,Silver Futures,615,0.14193350469443497,0.06477290945030173,1.2181679776255583,1.496291963925474
205,2019-03-25,2021-07-30,1600,1.6019999999999999,2.079,Silver Futures,615,0.3252021648747069,0.012716402219101914,1.341653642102501,1.3464947105668517
206,2019-03-25,2021-07-30,1625,1.734,1.969,Silver Futures,615,0.5518897273661408,0.0013103962736095364,1.4467696047100054,1.2952503439887737
207,2019-03-25,2021-07-30,1650,1.8730000000000002,1.8659999999999999,Silver Futures,615,0.7838484120323629,8.893055783191628e-05,1.600378418032468,1.185113113575038
208,2019-03-25,2021-07-30,1675,2.0180000000000002,1.7690000000000001,Silver Futures,615,1.0214538605289238,0.0,1.768912121120507,1.0593612060681974
209,2019-03-25,2021-07-30,1700,2.17,1.679,Silver Futures,615,1.2585269385913473,0.0,1.9368052887880942,0.9747086158610353
210,2019-03-25,2021-07-30,1725,2.329,1.5959999999999999,Silver Futures,615,1.500271657720941,0.0,2.066103479738613,0.9231973404351522
211,2019-03-25,2021-07-30,1750,2.4930000000000003,1.518,Silver Futures,615,1.7326446456531255,0.0,2.2434986491094584,0.8475894548355771
212,2019-03-25,2022-07-29,1575,1.749,2.81,Silver Futures,875,0.10832785098789752,0.12198672375240677,1.4058545321716853,1.8820892047387252
213,2019-03-25,2022-07-29,1600,1.87,2.6910000000000003,Silver Futures,875,0.2556604968255997,0.03780638605102108,1.4680679061130364,1.8455454314080117
214,2019-03-25,2022-07-29,1625,1.9969999999999999,2.5780000000000003,Silver Futures,875,0.4468986300920963,0.008959224248876635,1.620556788365547,1.7726841287549042
215,2019-03-25,2022-07-29,1650,2.131,2.4730000000000003,Silver Futures,875,0.6798286522081152,0.001206766092206123,1.7300387295690491,1.5838364749678018
216,2019-03-25,2022-07-29,1675,2.272,2.374,Silver Futures,875,0.909396315507547,9.237093530998095e-05,1.8989260949562352,1.4945765897246779
217,2019-03-25,2022-07-29,1700,2.419,2.282,Silver Futures,875,1.138643802024345,0.0,2.039540072152277,1.3782041929588307
218,2019-03-25,2022-07-29,1725,2.572,2.1959999999999997,Silver Futures,875,1.3677941014236212,0.0,2.163081904899413,1.358032431541993
219,2019-03-25,2022-07-29,1750,2.7319999999999998,2.116,Silver Futures,875,1.6044123465401892,0.0,2.3072296501491274,1.1950678717820167
220,2019-03-25,2022-07-29,1775,2.897,2.042,Silver Futures,875,1.8380566985783466,0.0,2.509766921574801,1.1434788732277035
221,2019-03-25,2022-07-29,1800,3.068,1.973,Silver Futures,875,2.069161973824405,0.0,2.6733881330131712,1.0883078216881787
222,2019-03-25,2023-07-31,1625,2.269,3.2460000000000004,Silver Futures,1136,0.3751326148968855,0.02446427923473159,1.7212387176467197,2.096706194383396
223,2019-03-25,2023-07-31,1650,2.403,3.142,Silver Futures,1136,0.5741649496530719,0.0065168473214638695,1.869623739487223,1.9912363118802263
224,2019-03-25,2023-07-31,1675,2.542,3.045,Silver Futures,1136,0.8016685107022637,0.000645407057144281,1.9597595045152436,1.9365837380269892
225,2019-03-25,2023-07-31,1700,2.688,2.9530000000000003,Silver Futures,1136,1.0246509377958422,0.00019121698206718026,2.1027828078281265,1.811083730828581
226,2019-03-25,2023-07-31,1725,2.839,2.867,Silver Futures,1136,1.2539427998913837,8.577043431576958e-06,2.2225603620238448,1.7536735942688515
227,2019-03-25,2023-07-31,1750,2.995,2.786,Silver Futures,1136,1.479384680779172,0.0,2.3718526311311323,1.660836608498662
228,2019-03-25,2023-07-31,1775,3.156,2.7110000000000003,Silver Futures,1136,1.7025166320774894,0.0,2.5340813254090206,1.5733313950342145
229,2019-03-25,2023-07-31,1800,3.323,2.64,Silver Futures,1136,1.9237720411623778,0.0,2.659667712062868,1.5278237686167655
230,2019-03-25,2023-07-31,1825,3.4939999999999998,2.574,Silver Futures,1136,2.1545522373327577,0.0,2.8487338321868103,1.3781992674910049
231,2019-03-25,2023-07-31,1850,3.6689999999999996,2.512,Silver Futures,1136,2.3823501026925404,0.0,2.939985655730275,1.3873675937815313
232,2019-03-25,2019-04-30,2680,0.0008,0.1417,Natural Gas Futures,27,0.0,0.07541191449318677,0.042947317822658405,0.12736053331961847
233,2019-03-25,2019-04-30,2700,0.0013,0.1223,Natural Gas Futures,27,3.4540037533367005e-06,0.055471250097591886,0.050041063409958654,0.11589566356463954
234,2019-03-25,2019-04-30,2730,0.0032,0.0941,Natural Gas Futures,27,0.0006655789747900012,0.025579743687425764,0.06440352926104173,0.09505973830492434
235,2019-03-25,2019-04-30,2750,0.0055,0.0765,Natural Gas Futures,27,0.004986264072530694,0.010141306046141543,0.07299121416561555,0.08665946072635922
236,2019-03-25,2019-04-30,2760,0.0071,0.0681,Natural Gas Futures,27,0.009794754156018815,0.005320750718521801,0.07572369551569341,0.08030337572246231
237,2019-03-25,2019-04-30,2770,0.0091,0.0601,Natural Gas Futures,27,0.0166417775597222,0.0021661712526011164,0.08326418469501745,0.07642428690077348
238,2019-03-25,2019-04-30,2800,0.018000000000000002,0.039,Natural Gas Futures,27,0.04486323337741701,5.1879101487395916e-05,0.10154566549561984,0.06273523083979723
239,2019-03-25,2019-04-30,2810,0.0221,0.0331,Natural Gas Futures,27,0.054500731758069194,8.521209191306112e-06,0.10684518065132595,0.058678868339318686
240,2019-03-25,2019-04-30,2830,0.0321,0.0231,Natural Gas Futures,27,0.07474529742095494,3.0950641870484137e-07,0.11753300970794467,0.052315488432444865
241,2019-03-25,2019-04-30,2850,0.0445,0.0155,Natural Gas Futures,27,0.09408106030196313,0.0,0.12897982699875704,0.04606056886177332
242,2019-03-25,2019-06-28,2750,0.0463,0.1727,Natural Gas Futures,70,0.007565731898820737,0.0167009342389757,0.11888717256911137,0.1561922887691015
243,2019-03-25,2019-06-28,2800,0.0633,0.14,Natural Gas Futures,70,0.042143610562305395,0.0010057110148058912,0.1437377508409302,0.13147665354245738
244,2019-03-25,2019-06-28,2810,0.0672,0.1339,Natural Gas Futures,70,0.0511773781284903,0.0004954377144038378,0.14943605101094717,0.1289056054947788
245,2019-03-25,2019-06-28,2830,0.0755,0.1223,Natural Gas Futures,70,0.07003979543630455,9.768745503293333e-05,0.1599351317860716,0.11512954387722975
246,2019-03-25,2019-06-28,2850,0.0845,0.1113,Natural Gas Futures,70,0.09060887988323171,5.044537940085633e-06,0.17437945808304176,0.1096526367519169
247,2019-03-25,2019-06-28,2860,0.0892,0.1061,Natural Gas Futures,70,0.10001746486889898,1.4711600652584885e-06,0.1784667243202108,0.10337893819148093
248,2019-03-25,2019-06-28,2870,0.0941,0.1011,Natural Gas Futures,70,0.11034100098563437,5.729964921349757e-07,0.18609712566939535,0.10186939386661081
249,2019-03-25,2019-06-28,2880,0.0991,0.0962,Natural Gas Futures,70,0.1201380286541947,0.0,0.19140382632040143,0.0964807620119158
250,2019-03-25,2019-06-28,2890,0.2781,0.0914,Natural Gas Futures,70,0.1298954865536224,0.0,0.19840899863166717,0.09347263326143776
251,2019-03-25,2019-06-28,2900,0.1097,0.0868,Natural Gas Futures,70,0.13998377351127267,0.0,0.2032871296347683,0.0945088483967652
252,2019-03-25,2019-09-30,2800,0.0929,0.2295,Natural Gas Futures,136,0.038755449882008124,0.004278125737342305,0.19419847736299872,0.22555414517843583
253,2019-03-25,2019-09-30,2810,0.0965,0.1558,Natural Gas Futures,136,0.04789497733360128,0.0025757279672270423,0.1965096552080068,0.22357280449795458
254,2019-03-25,2019-09-30,2850,0.11199999999999999,0.1991,Natural Gas Futures,136,0.08477691985299943,0.0002678377883287153,0.2270620695374728,0.19946880865462568
255,2019-03-25,2019-09-30,2860,0.2712,0.1933,Natural Gas Futures,136,0.09360577425947034,0.00013933863700590305,0.22369621160889192,0.2008554610929461
256,2019-03-25,2019-09-30,2870,0.1204,0.1308,Natural Gas Futures,136,0.10422293291425237,4.7120621287969127e-05,0.23115100226390345,0.19306288992520568
257,2019-03-25,2019-09-30,2890,0.1292,0.1767,Natural Gas Futures,136,0.12401625634297539,1.033958582620306e-05,0.24262397985658204,0.18729162438279717
258,2019-03-25,2019-09-30,2900,0.1338,0.1714,Natural Gas Futures,136,0.13404439292392661,8.275835121934684e-06,0.24308233976556468,0.18908359358687732
259,2019-03-25,2019-09-30,2950,0.1583,0.1464,Natural Gas Futures,136,0.18358916549657972,0.0,0.27856593002553653,0.16321970567140454
260,2019-03-25,2019-09-30,2970,0.3438,0.1372,Natural Gas Futures,136,0.20284220340821,0.0,0.2918519335428104,0.16237112107349527
261,2019-03-25,2019-09-30,2980,0.3508,0.1327,Natural Gas Futures,136,0.21250252086543428,0.0,0.29879373631696887,0.1510612912414861
262,2019-03-25,2020-03-31,2880,0.381,0.3914,Natural Gas Futures,267,0.10282667524222475,0.000843152188823938,0.29822800168986346,0.37416550322078596
263,2019-03-25,2020-03-31,2900,0.2946,0.3836,Natural Gas Futures,267,0.12077653130393017,0.0003149289966128911,0.30712594533687465,0.367237034189397
264,2019-03-25,2020-03-31,2910,0.3999,0.3798,Natural Gas Futures,267,0.1315063515153575,0.0001654555364542386,0.3141181084633485,0.3726793805370477
265,2019-03-25,2020-03-31,2920,0.4064,0.376,Natural Gas Futures,267,0.1412340080289153,0.00013689875714681732,0.323317303538396,0.3501577398476546
266,2019-03-25,2020-03-31,2930,0.4128,0.3723,Natural Gas Futures,267,0.1513556920368847,7.445750870683373e-05,0.32414220962473245,0.36901820706785704
267,2019-03-25,2020-03-31,2940,0.4193,0.3687,Natural Gas Futures,267,0.1604620734682939,4.715603852990476e-05,0.3296448263189239,0.3571212735258899
268,2019-03-25,2020-03-31,2950,0.4259,0.3651,Natural Gas Futures,267,0.17070016524792175,2.5461351044236068e-05,0.33021944752005106,0.3518740467046462
269,2019-03-25,2020-03-31,2960,0.4324,0.3615,Natural Gas Futures,267,0.18001433058000715,7.845832040935828e-06,0.34047458512994605,0.35126603848196003
270,2019-03-25,2020-03-31,3000,0.3566,0.3478,Natural Gas Futures,267,0.21955319996118314,3.972523531573021e-07,0.35927011589531566,0.33895143686437834
271,2019-03-25,2020-03-31,3050,0.4936,0.3319,Natural Gas Futures,267,0.26713127733632286,0.0,0.3897319336679971,0.3168123188345529
272,2019-03-25,2021-03-31,2550,0.2269,0.3652,Natural Gas Futures,528,8.103070880440443e-06,0.23254388863950745,0.23159043374474664,0.9409394572933606
273,2019-03-25,2021-03-31,2600,0.2511,0.4196,Natural Gas Futures,528,0.00012446301417862619,0.18544237968735114,0.24860984706230693,0.9163737379233209
274,2019-03-25,2021-03-31,2650,0.2638,0.3975,Natural Gas Futures,528,0.0008704622151868467,0.13910162127492112,0.27101028818470124,0.8823196000609566
275,2019-03-25,2021-03-31,2700,0.304,0.3768,Natural Gas Futures,528,0.004161367515358927,0.09468726304264041,0.29372387756377066,0.8928738946619024
276,2019-03-25,2021-03-31,2750,0.3326,0.3575,Natural Gas Futures,528,0.013545499820328075,0.05592858581492529,0.31860021126300975,0.8541457164920839
277,2019-03-25,2021-03-31,2800,0.3624,0.3395,Natural Gas Futures,528,0.03211521779538891,0.028796281785723972,0.34565121385009134,0.7892442220867991
278,2019-03-25,2021-03-31,2850,0.3938,0.32299999999999995,Natural Gas Futures,528,0.06229765881994717,0.012010963395995698,0.3617621543833647,0.8065728283095784
279,2019-03-25,2021-03-31,2900,0.4204,0.3078,Natural Gas Futures,528,0.10393219746918658,0.00342271241207241,0.3809385312984593,0.7962843197319376
280,2019-03-25,2021-03-31,2950,0.456,0.2937,Natural Gas Futures,528,0.15016952709058454,0.0009254730446918027,0.4058272698994267,0.7536596516672975
281,2019-03-25,2021-03-31,3000,0.4925,0.2805,Natural Gas Futures,528,0.19702795656315125,0.0001212471521859787,0.43765812412551175,0.6961541613410204
282,2019-03-25,2022-03-31,2550,0.2099,0.38799999999999996,Natural Gas Futures,789,6.400783987843671e-05,0.24523749664654557,0.2771276165925665,1.46092183768353
283,2019-03-25,2022-03-31,2600,0.2324,0.4032,Natural Gas Futures,789,0.00037858282926514947,0.19871351539803958,0.2963508168739844,1.3480437223354544
284,2019-03-25,2022-03-31,2650,0.2667,0.3667,Natural Gas Futures,789,0.0014572453230216186,0.15555113972859116,0.3235997008799001,1.2859548636944278
285,2019-03-25,2022-03-31,2700,0.282,0.3091,Natural Gas Futures,789,0.005235774288157306,0.11121454765467441,0.3370721981995137,1.3391193917321214
286,2019-03-25,2022-03-31,2750,0.3088,0.3388,Natural Gas Futures,789,0.014003723646709388,0.0721338680738035,0.3650676708810453,1.2688327301306022
287,2019-03-25,2022-03-31,2800,0.3368,0.3199,Natural Gas Futures,789,0.030643761748948548,0.04343745706191991,0.3782086910414739,1.26534519335223
288,2019-03-25,2022-03-31,2850,0.3731,0.3024,Natural Gas Futures,789,0.05706368076936032,0.022263928515513842,0.4094215810131528,1.2238633356462967
289,2019-03-25,2022-03-31,2900,0.4068,0.2862,Natural Gas Futures,789,0.08977526122326081,0.010301454353519243,0.424825999581045,1.226001059664164
290,2019-03-25,2022-03-31,2950,0.44799999999999995,0.248,Natural Gas Futures,789,0.1307398937168141,0.003950690922129869,0.4455315628565781,1.1927144799242915
291,2019-03-25,2022-03-31,3000,0.4769,0.2568,Natural Gas Futures,789,0.17432390735381462,0.0012014721546680916,0.4686506281019065,1.1990323591852077
292,2019-03-25,2023-03-31,2300,0.1403,0.5926,Natural Gas Futures,1050,0.0,0.4834171902380378,0.2232643675202341,2.0235836661757216
293,2019-03-25,2023-03-31,2500,0.2089,0.4516,Natural Gas Futures,1050,3.7152234450609594e-05,0.3007946535436801,0.2937253918446761,1.9252262352093839
294,2019-03-25,2023-03-31,2650,0.2722,0.3617,Natural Gas Futures,1050,0.002243245102571455,0.1670063270316669,0.34751016176882576,1.9033679101951047
295,2019-03-25,2023-03-31,2700,0.2954,0.3343,Natural Gas Futures,1050,0.005572217294577825,0.12753976966538394,0.3700494828812713,1.7909097049612526
296,2019-03-25,2023-03-31,2750,0.2887,0.3922,Natural Gas Futures,1050,0.01403397324157603,0.0883014967793543,0.3935745323847872,1.7654960783415827
297,2019-03-25,2023-03-31,3000,0.4531,0.298,Natural Gas Futures,1050,0.1583341621448309,0.0037826412500250426,0.5020287753836046,1.6824495510261734
298,2019-03-25,2023-03-31,3050,0.4887,0.2819,Natural Gas Futures,1050,0.20008934563469444,0.0016872650874203102,0.5169242827527888,1.559056820525257
299,2019-03-25,2023-03-31,3250,0.6401,0.2262,Natural Gas Futures,1050,0.3820920458635906,5.540933262412604e-06,0.6178035701421318,1.5199548528022115
300,2019-03-25,2023-03-31,3500,0.8458,0.1723,Natural Gas Futures,1050,0.6099344803161482,0.0,0.7431344105404958,1.4276085350064196
301,2019-03-25,2023-03-31,3700,1.02,0.1386,Natural Gas Futures,1050,0.7909960825548478,0.0,0.8586346945470488,1.3821186414600604
302,2019-03-25,2024-03-29,2250,0.081,0.6544,Natural Gas Futures,1310,0.0,0.5339400836314129,0.22552361648721908,2.580073522458691
303,2019-03-25,2024-03-29,2500,0.1392,0.4676,Natural Gas Futures,1310,5.692972503774639e-05,0.31122081542086855,0.307690307585843,2.640803728451287
304,2019-03-25,2024-03-29,2650,0.1894,0.3706,Natural Gas Futures,1310,0.002611647369034918,0.18091608485689978,0.35632964043357923,2.442466121326456
305,2019-03-25,2024-03-29,2850,0.2704,0.3849,Natural Gas Futures,1310,0.04459883218770209,0.0466810729867222,0.45300625815448714,2.2839848209818823
306,2019-03-25,2024-03-29,3000,0.3723,0.3309,Natural Gas Futures,1310,0.14078754922737335,0.007486742268316277,0.521219348306071,2.211879238055878
307,2019-03-25,2024-03-29,3050,0.4008,0.3186,Natural Gas Futures,1310,0.1830463264600791,0.0036863681578948645,0.5213658084232142,2.313770056504253
308,2019-03-25,2024-03-29,3250,0.5518,0.2889,Natural Gas Futures,1310,0.3556010747439466,0.00010296342115037873,0.6280775444046197,2.048638063320069
309,2019-03-25,2024-03-29,3500,0.7578,0.2567,Natural Gas Futures,1310,0.5780389362372375,0.0,0.7506676481403125,1.9705673905351633
310,2019-03-25,2024-03-29,3700,0.9328,0.2344,Natural Gas Futures,1310,0.7553894694352109,0.0,0.8501132475336864,1.9478208071681677
311,2019-03-25,2024-03-29,4500,1.6819,0.1589,Natural Gas Futures,1310,1.4674083754065688,0.0,1.2912664040608552,1.6459708036536433
312,2019-03-25,2025-03-31,2250,0.1006,0.5427,Natural Gas Futures,1571,0.0,0.536492134302076,0.24101155435589566,3.115884607133447
313,2019-03-25,2025-03-31,2500,0.17800000000000002,0.4666,Natural Gas Futures,1571,0.00012018994517195345,0.3194760316494356,0.3236438070821849,2.9246703528213054
314,2019-03-25,2025-03-31,3000,0.4748,0.2624,Natural Gas Futures,1571,0.1260771730891472,0.012802002916540321,0.5148372829483399,2.8489673848569366
315,2019-03-25,2025-03-31,3500,0.8913,0.0843,Natural Gas Futures,1571,0.5450846097630929,0.0,0.730641031651088,2.6507003443477615
316,2019-03-25,2025-03-31,5000,2.3279,0.0418,Natural Gas Futures,1571,1.8438900985376845,0.0,1.5428383721160532,2.178439744832664
317,2019-03-25,2026-03-31,2250,0.0672,0.8333,Natural Gas Futures,1832,0.0,0.5412176968654505,0.24954814778453202,3.861500638935086
318,2019-03-25,2026-03-31,3500,0.6629999999999999,0.185,Natural Gas Futures,1832,0.5136946298169274,1.6259815713655227e-05,0.7272178313157757,3.2864162992173713
